month,SPMO proxy,S&P 500,rf,RV,RV last month,forecast HAR vol target,w HAR vol target,HAR vol target,forecast EWMA (0.97) vol target,w EWMA (0.97) vol target,EWMA (0.97) vol target
1978-04,0.066663,0.088983,0.005400,0.111384,0.061962,0.069711,2.151730,0.137221,0.070472,2.128508,0.135798
1978-05,0.039585,0.013724,0.005100,0.099497,0.111384,0.078502,1.910773,0.070993,0.092217,1.626590,0.061193
1978-06,0.020746,-0.016702,0.005400,0.118005,0.099497,0.084833,1.768170,0.032534,0.096045,1.561763,0.029366
1978-07,0.065215,0.056984,0.005600,0.100050,0.118005,0.098701,1.519747,0.096200,0.105178,1.426150,0.090620
1978-08,0.044611,0.033506,0.005600,0.104949,0.100050,0.095890,1.564285,0.066625,0.102931,1.457280,0.062451
1978-09,-0.019444,-0.005475,0.006200,0.112848,0.104949,0.099317,1.510319,-0.032531,0.100074,1.498885,-0.032238
1978-10,-0.112467,-0.089769,0.006800,0.223352,0.112848,0.102349,1.465572,-0.167994,0.106457,1.409018,-0.161249
1978-11,0.051812,0.026610,0.007000,0.277814,0.223352,0.166376,0.901572,0.047401,0.181940,0.824447,0.043945
1978-12,0.034320,0.016600,0.007800,0.217322,0.277814,0.271357,0.552778,0.022460,0.221465,0.677309,0.025762
1979-01,0.027092,0.042396,0.007700,0.150819,0.217322,0.234914,0.638531,0.020082,0.218434,0.686707,0.021017
1979-02,-0.068492,-0.028910,0.007300,0.156824,0.150819,0.160583,0.934094,-0.063497,0.188991,0.793688,-0.052855
1979-03,0.059055,0.057369,0.008100,0.143278,0.156824,0.151860,0.987751,0.058431,0.176757,0.848624,0.051342
1979-04,0.010396,0.004185,0.008000,0.108227,0.143278,0.135715,1.105259,0.010648,0.159874,0.938239,0.010248
1979-05,-0.029955,-0.016877,0.008200,0.126648,0.108227,0.110705,1.354951,-0.043498,0.136426,1.099500,-0.033751
1979-06,0.053252,0.040288,0.008100,0.097942,0.126648,0.119091,1.259546,0.064971,0.130172,1.152321,0.060130
1979-07,0.016988,0.011645,0.007700,0.111143,0.097942,0.097429,1.539585,0.022000,0.114260,1.312797,0.019893
1979-08,0.071809,0.062214,0.007700,0.090631,0.111143,0.106376,1.410098,0.098100,0.110638,1.355770,0.094617
1979-09,0.017611,0.001471,0.008300,0.158220,0.090631,0.090299,1.661139,0.023767,0.099684,1.504751,0.022311
1979-10,-0.038616,-0.065558,0.008700,0.208737,0.158220,0.136575,1.098300,-0.043267,0.127312,1.178206,-0.047048
1979-11,0.086071,0.053114,0.009900,0.187982,0.208737,0.181401,0.826896,0.072885,0.171523,0.874518,0.076513
1979-12,0.014885,0.018391,0.009500,0.116819,0.187982,0.172714,0.868489,0.014177,0.177935,0.843002,0.014040
1980-01,0.115048,0.061144,0.008000,0.203547,0.116819,0.123138,1.218148,0.138400,0.152116,0.986091,0.113559
1980-02,0.094677,0.002728,0.008900,0.278592,0.203547,0.176921,0.847838,0.081625,0.180083,0.832950,0.080348
1980-03,-0.142754,-0.097614,0.012100,0.329588,0.278592,0.230726,0.650121,-0.088574,0.227913,0.658145,-0.089816
1980-04,0.046146,0.042663,0.012600,0.251401,0.329588,0.290445,0.516449,0.029925,0.279538,0.536599,0.030601
1980-05,0.041825,0.055886,0.008100,0.184244,0.251401,0.245376,0.611307,0.028716,0.266020,0.563867,0.027116
1980-06,0.053030,0.029561,0.006100,0.198869,0.184244,0.191394,0.783722,0.042880,0.234066,0.640844,0.036175
1980-07,0.053766,0.068049,0.005300,0.186072,0.198869,0.196160,0.764683,0.042361,0.218393,0.686834,0.038588
1980-08,0.031331,0.013314,0.006400,0.189950,0.186072,0.184281,0.813975,0.026693,0.202505,0.740721,0.024867
1980-09,0.088533,0.027859,0.007500,0.249735,0.189950,0.188358,0.796356,0.072031,0.196671,0.762696,0.069304
1980-10,0.046463,0.017794,0.009500,0.213203,0.249735,0.234320,0.640150,0.033162,0.229470,0.653679,0.033662
1980-11,0.199817,0.110319,0.009600,0.255697,0.213203,0.212291,0.706578,0.144003,0.219500,0.683370,0.139589
1980-12,-0.069505,-0.030634,0.013100,0.229787,0.255697,0.245745,0.610390,-0.037321,0.230298,0.651330,-0.040703
1981-01,-0.095318,-0.043416,0.010400,0.195380,0.229787,0.229220,0.654394,-0.058781,0.223775,0.670316,-0.060464
1981-02,-0.000429,0.021412,0.010700,0.194274,0.195380,0.204540,0.733353,0.002538,0.209634,0.715531,0.002737
1981-03,0.033513,0.038513,0.012100,0.215494,0.194274,0.199879,0.750456,0.028169,0.199194,0.753036,0.028224
1981-04,-0.052157,-0.020407,0.010800,0.122681,0.215494,0.211923,0.707805,-0.033761,0.208195,0.720477,-0.034559
1981-05,0.003110,0.006705,0.011500,0.145497,0.122681,0.144307,1.039454,0.002779,0.173297,0.865568,0.004238
1981-06,-0.017265,-0.009146,0.013500,0.159108,0.145497,0.157138,0.954577,-0.015868,0.162325,0.924073,-0.014929
1981-07,0.028373,0.000161,0.012400,0.125701,0.159108,0.160618,0.933891,0.027317,0.159067,0.942999,0.027463
1981-08,-0.070190,-0.055780,0.012800,0.180857,0.125701,0.138162,1.085680,-0.077301,0.143399,1.046029,-0.074010
1981-09,-0.061605,-0.050375,0.012400,0.231726,0.180857,0.175114,0.856587,-0.050991,0.166060,0.903291,-0.054448
1981-10,0.104557,0.050361,0.012100,0.162888,0.231726,0.211605,0.708870,0.077640,0.202292,0.741501,0.080657
1981-11,0.031023,0.044362,0.010700,0.135896,0.162888,0.173054,0.866781,0.028316,0.183903,0.815646,0.027276
1981-12,-0.037251,-0.026820,0.008700,0.096793,0.135896,0.152128,0.986014,-0.036608,0.162782,0.921480,-0.033643
1982-01,-0.018894,-0.016352,0.008000,0.209551,0.096793,0.115340,1.300500,-0.026976,0.133872,1.120471,-0.022134
1982-02,-0.055517,-0.050557,0.009200,0.150360,0.209551,0.186606,0.803833,-0.042822,0.174868,0.857792,-0.046314
1982-03,-0.008086,-0.006767,0.009800,0.160137,0.150360,0.155924,0.962008,-0.007407,0.163377,0.918125,-0.006622
1982-04,0.038523,0.040807,0.011300,0.079641,0.160137,0.163679,0.916429,0.036248,0.159096,0.942826,0.036966
1982-05,-0.043823,-0.029817,0.010600,0.086165,0.079641,0.107172,1.399621,-0.065572,0.127779,1.173901,-0.053287
1982-06,0.001054,-0.015965,0.009600,0.105088,0.086165,0.107262,1.398442,-0.002351,0.111168,1.349314,-0.001931
1982-07,-0.008584,-0.020192,0.010500,0.112892,0.105088,0.115578,1.297826,-0.014268,0.107448,1.396020,-0.016142
1982-08,0.106897,0.128291,0.007600,0.230070,0.112892,0.122043,1.229074,0.129643,0.108749,1.379319,0.144562
1982-09,0.024964,0.010694,0.005100,0.135969,0.230070,0.197823,0.758252,0.020162,0.180586,0.830631,0.021600
1982-10,0.083872,0.113641,0.005900,0.221186,0.135969,0.143078,1.048378,0.087645,0.159115,0.942713,0.079406
1982-11,0.055072,0.045532,0.006300,0.218192,0.221186,0.193254,0.776182,0.044156,0.188025,0.797767,0.045209
1982-12,0.020371,0.017106,0.006700,0.151570,0.218192,0.194550,0.771012,0.017241,0.202082,0.742273,0.016848
1983-01,0.008006,0.035331,0.006900,0.140668,0.151570,0.161079,0.931217,0.007930,0.178176,0.841863,0.007831
1983-02,0.034912,0.025835,0.006200,0.114103,0.140668,0.150473,0.996854,0.034822,0.162685,0.922025,0.032673
1983-03,0.043176,0.035419,0.006300,0.115837,0.114103,0.130337,1.150861,0.048739,0.143490,1.045368,0.044849
1983-04,0.078739,0.075742,0.007100,0.150354,0.115837,0.129278,1.160290,0.090222,0.129306,1.160038,0.090204
1983-05,-0.007994,-0.005667,0.006900,0.138442,0.150354,0.150647,0.995708,-0.007930,0.140510,1.067536,-0.009000
1983-06,0.053923,0.037292,0.006700,0.157493,0.138442,0.145148,1.033431,0.055502,0.138153,1.085749,0.057972
1983-07,-0.030744,-0.031283,0.007400,0.195707,0.157493,0.158003,0.949347,-0.028812,0.148761,1.008327,-0.031061
1983-08,-0.023685,0.015937,0.007600,0.154732,0.195707,0.181575,0.826103,-0.018245,0.175077,0.856768,-0.019204
1983-09,0.035169,0.014181,0.007600,0.131117,0.154732,0.157953,0.949647,0.033781,0.165041,0.908865,0.032657
1983-10,-0.029533,-0.013077,0.007600,0.151780,0.131117,0.143502,1.045279,-0.031214,0.148719,1.008612,-0.029853
1983-11,0.038939,0.023946,0.007000,0.124680,0.151780,0.152662,0.982565,0.038382,0.148431,1.010574,0.039277
1983-12,-0.029812,-0.006054,0.007300,0.103106,0.124680,0.134423,1.115880,-0.034113,0.136081,1.102288,-0.033608
1984-01,-0.051018,-0.005197,0.007600,0.152562,0.103106,0.119728,1.252836,-0.065839,0.122042,1.229087,-0.064447
1984-02,-0.058421,-0.032831,0.007100,0.232073,0.152562,0.148028,1.013323,-0.059294,0.135898,1.103769,-0.065220
1984-03,0.021422,0.017371,0.007300,0.165997,0.232073,0.195179,0.768526,0.018153,0.186418,0.804645,0.018663
1984-04,0.019337,0.006889,0.008100,0.099414,0.165997,0.163872,0.915351,0.018386,0.175842,0.853037,0.017686
1984-05,-0.044861,-0.053419,0.007800,0.087642,0.099414,0.121470,1.234875,-0.057230,0.145412,1.031548,-0.046523
1984-06,0.019868,0.022871,0.007500,0.131322,0.087642,0.110186,1.361338,0.024337,0.121250,1.237117,0.022801
1984-07,-0.034072,-0.013659,0.008200,0.109259,0.131322,0.139990,1.071508,-0.037095,0.123679,1.212820,-0.043069
1984-08,0.121389,0.112224,0.008300,0.167676,0.109259,0.123358,1.215974,0.145813,0.117081,1.281162,0.153185
1984-09,0.016887,-0.000040,0.008600,0.100213,0.167676,0.158173,0.948326,0.016459,0.135091,1.110362,0.017801
1984-10,0.012123,0.003352,0.010000,0.090971,0.100213,0.118252,1.268474,0.012693,0.120141,1.248529,0.012651
1984-11,-0.005383,-0.009883,0.007300,0.088430,0.090971,0.110354,1.359264,-0.009940,0.107777,1.391763,-0.010352
1984-12,0.025064,0.025707,0.006400,0.109596,0.088430,0.107811,1.391317,0.032367,0.099052,1.514356,0.034663
1985-01,0.040510,0.076853,0.006500,0.102935,0.109596,0.121997,1.229537,0.048317,0.105024,1.428241,0.055075
1985-02,0.044978,0.014162,0.005800,0.098681,0.102935,0.116140,1.291549,0.056400,0.103139,1.454352,0.062778
1985-03,0.040126,-0.000536,0.006200,0.097511,0.098681,0.109505,1.369797,0.052672,0.100877,1.486953,0.056646
1985-04,0.003884,-0.003722,0.007200,0.083553,0.097511,0.106697,1.405852,0.002539,0.097605,1.536814,0.002105
1985-05,0.068594,0.062978,0.006600,0.104714,0.083553,0.097097,1.544839,0.102370,0.091629,1.637040,0.108086
1985-06,0.022668,0.015889,0.005500,0.093387,0.104714,0.110791,1.353906,0.028744,0.097718,1.535022,0.031853
1985-07,-0.023498,-0.003290,0.006200,0.114737,0.093387,0.102722,1.460256,-0.037167,0.096027,1.562056,-0.040191
1985-08,-0.001313,-0.006504,0.005500,0.094920,0.114737,0.115765,1.295732,-0.003328,0.109105,1.374825,-0.003867
1985-09,-0.037000,-0.033074,0.006000,0.107707,0.094920,0.101372,1.479693,-0.057628,0.100371,1.494455,-0.058262
1985-10,0.075501,0.045133,0.006500,0.098211,0.107707,0.109172,1.373973,0.101306,0.104934,1.429465,0.105135
1985-11,0.064566,0.072030,0.006100,0.113823,0.098211,0.103649,1.447199,0.090712,0.101272,1.481152,0.092697
1985-12,0.052204,0.048111,0.006500,0.115215,0.113823,0.113477,1.321856,0.066914,0.105786,1.417954,0.071306
1986-01,0.019454,0.004911,0.005600,0.164587,0.115215,0.114561,1.309347,0.023740,0.109807,1.366038,0.024525
1986-02,0.078169,0.076760,0.005300,0.125007,0.164587,0.144045,1.041343,0.081182,0.137485,1.091031,0.084802
1986-03,0.078801,0.055872,0.006000,0.142506,0.125007,0.123907,1.210582,0.094131,0.133164,1.126433,0.088005
1986-04,-0.012817,-0.013186,0.005200,0.192160,0.142506,0.135209,1.109390,-0.014788,0.138130,1.085935,-0.014365
1986-05,0.074486,0.055509,0.004900,0.142037,0.192160,0.165013,0.909021,0.068156,0.164877,0.909769,0.068208
1986-06,0.045624,0.016073,0.005200,0.148605,0.142037,0.140517,1.067488,0.048352,0.157575,0.951925,0.043681
1986-07,-0.025748,-0.057316,0.005200,0.184197,0.148605,0.145397,1.031660,-0.026728,0.152161,0.985797,-0.025309
1986-08,0.051923,0.074708,0.004600,0.129250,0.184197,0.165444,0.906652,0.047505,0.164762,0.910402,0.047683
1986-09,-0.118638,-0.083093,0.004500,0.244523,0.129250,0.136983,1.095025,-0.130339,0.149712,1.001926,-0.118875
1986-10,0.077765,0.056445,0.004600,0.115676,0.244523,0.199377,0.752343,0.059645,0.194949,0.769433,0.060896
1986-11,0.021169,0.024981,0.003900,0.159652,0.115676,0.135798,1.104582,0.022975,0.160247,0.936054,0.020065
1986-12,-0.016992,-0.027342,0.004900,0.132130,0.159652,0.160366,0.935359,-0.015576,0.162277,0.924344,-0.015335
1987-01,0.146361,0.135330,0.004200,0.184362,0.132130,0.141075,1.063265,0.155355,0.146486,1.023987,0.149771
1987-02,0.037899,0.041677,0.004300,0.140320,0.184362,0.169101,0.887043,0.034104,0.163642,0.916633,0.035098
1987-03,0.002156,0.026142,0.004700,0.160503,0.140320,0.148470,1.010306,0.002130,0.153686,0.976018,0.002217
1987-04,-0.006755,-0.008973,0.004400,0.239914,0.160503,0.159489,0.940507,-0.006092,0.161885,0.926586,-0.005936
1987-05,0.007522,0.009141,0.003800,0.191844,0.239914,0.197304,0.760248,0.006629,0.201335,0.745027,0.006573
1987-06,0.055963,0.049741,0.004800,0.124097,0.191844,0.180953,0.828946,0.047212,0.197911,0.757915,0.043577
1987-07,0.040148,0.049841,0.004600,0.105756,0.124097,0.146305,1.025254,0.041046,0.165872,0.904314,0.036747
1987-08,0.061383,0.039264,0.004700,0.168655,0.105756,0.129125,1.161666,0.070547,0.140030,1.071197,0.065419
1987-09,-0.013488,-0.021871,0.004500,0.192516,0.168655,0.161131,0.930922,-0.012245,0.155340,0.965622,-0.012869
1987-10,-0.236210,-0.216089,0.006000,0.945145,0.192516,0.173547,0.864318,-0.203347,0.174543,0.859389,-0.202153
1987-11,-0.089634,-0.082204,0.003500,0.339604,0.945145,0.540105,0.277724,-0.022365,0.694495,0.215984,-0.016615
1987-12,0.085790,0.073911,0.003900,0.303545,0.339604,0.298782,0.502038,0.045012,0.562720,0.266562,0.025729
1988-01,0.015404,0.042844,0.002900,0.380004,0.303545,0.287729,0.521324,0.009419,0.452297,0.331640,0.007047
1988-02,0.053235,0.047712,0.004600,0.183011,0.380004,0.327470,0.458057,0.026878,0.412714,0.363448,0.022276
1988-03,-0.019917,-0.030901,0.004400,0.149246,0.183011,0.221725,0.676514,-0.012051,0.329506,0.455226,-0.006670
1988-04,0.023602,0.010711,0.004600,0.212351,0.149246,0.191191,0.784555,0.019508,0.257045,0.583554,0.015689
1988-05,-0.001625,0.008223,0.005100,0.174550,0.212351,0.222000,0.675676,0.000556,0.233283,0.642995,0.000776
1988-06,0.052059,0.047573,0.004900,0.164590,0.174550,0.197035,0.761287,0.040801,0.212167,0.706990,0.038241
1988-07,-0.001702,-0.004387,0.005100,0.144440,0.164590,0.189716,0.790655,-0.000278,0.190171,0.788763,-0.000265
1988-08,-0.048254,-0.032690,0.005900,0.145193,0.144440,0.171537,0.874449,-0.041455,0.172654,0.868787,-0.041148
1988-09,0.045152,0.042777,0.006200,0.132591,0.145193,0.167771,0.894073,0.041026,0.159977,0.937632,0.042723
1988-10,0.020843,0.027054,0.006100,0.130538,0.132591,0.155505,0.964598,0.020321,0.144273,1.039695,0.021428
1988-11,-0.013985,-0.014424,0.005700,0.125028,0.130538,0.144850,1.035552,-0.014685,0.137452,1.091288,-0.015782
1988-12,0.019997,0.018470,0.006300,0.083204,0.125028,0.139003,1.079115,0.021080,0.132358,1.133291,0.021822
1989-01,0.062810,0.072475,0.005500,0.108187,0.083204,0.110642,1.355726,0.083196,0.111224,1.348624,0.082789
1989-02,-0.016389,-0.024958,0.006100,0.121032,0.108187,0.121284,1.236765,-0.021714,0.110385,1.358886,-0.024460
1989-03,0.025461,0.023070,0.006700,0.123536,0.121032,0.126872,1.182292,0.028881,0.116671,1.285668,0.030820
1989-04,0.044901,0.051725,0.006700,0.113136,0.123536,0.131109,1.144086,0.050405,0.119608,1.254096,0.054608
1989-05,0.051331,0.041096,0.007900,0.113735,0.113136,0.125602,1.194253,0.059768,0.117292,1.278863,0.063443
1989-06,-0.005479,-0.005692,0.007100,0.140378,0.113735,0.124899,1.200968,-0.008007,0.115974,1.293389,-0.009170
1989-07,0.103175,0.089849,0.007000,0.123308,0.140378,0.138983,1.079266,0.110798,0.129991,1.153924,0.117979
1989-08,0.046701,0.019870,0.007400,0.115502,0.123308,0.131434,1.141255,0.052253,0.128750,1.165047,0.053188
1989-09,0.006310,-0.004019,0.006500,0.093910,0.115502,0.127331,1.178030,0.006276,0.122980,1.219708,0.006268
1989-10,-0.005490,-0.023585,0.006800,0.263357,0.093910,0.112330,1.335356,-0.009612,0.111372,1.346838,-0.009753
1989-11,0.023963,0.020560,0.006900,0.116589,0.263357,0.199442,0.752100,0.019733,0.198151,0.756998,0.019817
1989-12,0.020231,0.022694,0.006100,0.131644,0.116589,0.140929,1.064366,0.021141,0.163465,0.917629,0.019067
1990-01,-0.097395,-0.067707,0.005700,0.205464,0.131644,0.149570,1.002872,-0.097691,0.150144,0.999039,-0.097296
1990-02,0.004847,0.013384,0.005700,0.121901,0.205464,0.172875,0.867681,0.004960,0.181520,0.826354,0.004995
1990-03,0.038461,0.026469,0.006400,0.110343,0.121901,0.141836,1.057560,0.040306,0.158596,0.945798,0.036723
1990-04,-0.017121,-0.024447,0.006900,0.115773,0.110343,0.134530,1.114991,-0.019883,0.137133,1.093825,-0.019375
1990-05,0.096377,0.097581,0.006800,0.131568,0.115773,0.127107,1.180107,0.112511,0.128196,1.170086,0.111613
1990-06,0.008464,-0.006814,0.006300,0.137514,0.131568,0.134836,1.112460,0.008708,0.129973,1.154085,0.008798
1990-07,0.017154,-0.004467,0.006800,0.130296,0.137514,0.139844,1.072624,0.017906,0.132910,1.128583,0.018485
1990-08,-0.075613,-0.090905,0.006600,0.244721,0.130296,0.138084,1.086293,-0.082707,0.130773,1.147026,-0.087700
1990-09,-0.031579,-0.049270,0.006000,0.151055,0.244721,0.192806,0.777984,-0.023236,0.199825,0.750657,-0.022209
1990-10,0.000611,-0.003701,0.006800,0.217721,0.151055,0.161050,0.931388,0.001036,0.182636,0.821308,0.001717
1990-11,0.055484,0.064692,0.005700,0.169661,0.217721,0.191471,0.783407,0.044701,0.196758,0.762359,0.043653
1990-12,0.022203,0.027918,0.006000,0.079094,0.169661,0.168146,0.892082,0.020454,0.182423,0.822263,0.019323
1991-01,0.029913,0.045017,0.005200,0.182659,0.079094,0.122948,1.220030,0.035351,0.144529,1.037851,0.030849
1991-02,0.075323,0.071570,0.004800,0.196312,0.182659,0.162419,0.923536,0.069931,0.162717,0.921843,0.069811
1991-03,0.023981,0.024380,0.004400,0.137189,0.196312,0.170218,0.881221,0.021655,0.176163,0.851484,0.021073
1991-04,-0.015852,0.002151,0.005300,0.171038,0.137189,0.154061,0.973640,-0.015294,0.159595,0.939881,-0.014580
1991-05,0.038170,0.043165,0.004700,0.150095,0.171038,0.165013,0.909017,0.035125,0.162112,0.925287,0.035670
1991-06,-0.049874,-0.045394,0.004200,0.119088,0.150095,0.153514,0.977108,-0.048636,0.153881,0.974778,-0.048510
1991-07,0.073606,0.046518,0.004900,0.134941,0.119088,0.140609,1.066789,0.078195,0.138923,1.079734,0.079084
1991-08,0.039651,0.023951,0.004600,0.165007,0.134941,0.142421,1.053219,0.041516,0.135498,1.107030,0.043402
1991-09,-0.015048,-0.016922,0.004600,0.089499,0.165007,0.153710,0.975866,-0.014574,0.151530,0.989903,-0.014850
1991-10,0.025341,0.013520,0.004200,0.119683,0.089499,0.123666,1.212944,0.029843,0.126595,1.184884,0.029250
1991-11,-0.007162,-0.040437,0.003900,0.183086,0.119683,0.133344,1.124906,-0.008544,0.123619,1.213409,-0.009523
1991-12,0.151002,0.114285,0.003800,0.183469,0.183086,0.155274,0.966033,0.146002,0.153655,0.976214,0.147501
1992-01,-0.058546,-0.018374,0.003400,0.146910,0.183469,0.165611,0.905735,-0.052706,0.173198,0.866061,-0.050249
1992-02,0.009956,0.012788,0.002800,0.149678,0.146910,0.156020,0.961414,0.009680,0.162474,0.923226,0.009407
1992-03,-0.027879,-0.019486,0.003400,0.083716,0.149678,0.153641,0.976301,-0.027138,0.158332,0.947375,-0.026233
1992-04,0.004394,0.028710,0.003200,0.177373,0.083716,0.118600,1.264756,0.004710,0.126702,1.183882,0.004613
1992-05,0.020330,0.004857,0.002800,0.133181,0.177373,0.155014,0.967653,0.019763,0.149699,1.002013,0.020365
1992-06,-0.026106,-0.015034,0.003200,0.134167,0.133181,0.140206,1.069857,-0.028153,0.144847,1.035576,-0.027148
1992-07,0.048488,0.040660,0.003100,0.115223,0.134167,0.144791,1.035978,0.050121,0.140492,1.067677,0.051560
1992-08,-0.013311,-0.020754,0.002600,0.074700,0.115223,0.131281,1.142586,-0.015580,0.127340,1.177950,-0.016142
1992-09,0.002121,0.011336,0.002600,0.113454,0.074700,0.109392,1.371211,0.001943,0.106451,1.409097,0.001925
1992-10,0.016193,0.004752,0.002300,0.107041,0.113454,0.121499,1.234576,0.019452,0.110426,1.358370,0.021171
1992-11,0.027643,0.033887,0.002300,0.068287,0.107041,0.118025,1.270914,0.034509,0.107338,1.397453,0.037716
1992-12,0.030576,0.013398,0.002800,0.085748,0.068287,0.101724,1.474583,0.043758,0.090947,1.649314,0.048611
1993-01,0.018138,0.007292,0.002300,0.080211,0.085748,0.104307,1.438060,0.025076,0.089101,1.683480,0.028963
1993-02,0.033018,0.013530,0.002200,0.118400,0.080211,0.097375,1.540442,0.049673,0.084453,1.776141,0.056937
1993-03,0.030992,0.021170,0.002500,0.099186,0.118400,0.117206,1.279803,0.038964,0.100173,1.497415,0.045164
1993-04,-0.029474,-0.024525,0.002400,0.155587,0.099186,0.112711,1.330841,-0.040019,0.097527,1.538033,-0.046623
1993-05,0.034912,0.026319,0.002200,0.145101,0.155587,0.139540,1.074964,0.037364,0.126903,1.182001,0.040866
1993-06,0.028360,0.003477,0.002500,0.099793,0.145101,0.139824,1.072774,0.030242,0.136986,1.095005,0.030817
1993-07,0.010468,-0.004944,0.002400,0.095377,0.099793,0.124407,1.205721,0.012128,0.120643,1.243341,0.012432
1993-08,0.038042,0.037500,0.002500,0.066248,0.095377,0.115797,1.295366,0.048540,0.109271,1.372733,0.051290
1993-09,0.011378,-0.007568,0.002600,0.097262,0.066248,0.094551,1.586439,0.016525,0.090580,1.655996,0.017136
1993-10,0.000952,0.019805,0.002200,0.083837,0.097262,0.106252,1.411742,0.000439,0.094671,1.584431,0.000223
1993-11,-0.043737,-0.008908,0.002500,0.133518,0.083837,0.099506,1.507451,-0.067199,0.088971,1.685943,-0.075452
1993-12,0.017285,0.012191,0.002300,0.060396,0.133518,0.125421,1.195969,0.020222,0.109208,1.373527,0.022883
1994-01,0.047535,0.033647,0.002500,0.079397,0.060396,0.095168,1.576168,0.073483,0.088688,1.691323,0.078669
1994-02,-0.031808,-0.026863,0.002100,0.129265,0.079397,0.102412,1.464669,-0.047564,0.084568,1.773716,-0.058044
1994-03,-0.039508,-0.043442,0.002700,0.115138,0.129265,0.117554,1.276011,-0.051158,0.104594,1.434120,-0.057831
1994-04,0.000304,0.012195,0.002700,0.175139,0.115138,0.120030,1.249690,-0.000294,0.114907,1.305408,-0.000427
1994-05,0.004914,0.017328,0.003200,0.094323,0.175139,0.148102,1.012818,0.004936,0.141258,1.061890,0.005021
1994-06,-0.031086,-0.024916,0.003100,0.118691,0.094323,0.119451,1.255742,-0.039829,0.120266,1.247238,-0.039538
1994-07,0.045548,0.032652,0.002800,0.082029,0.118691,0.128358,1.168608,0.052756,0.121577,1.233790,0.055542
1994-08,0.028573,0.041398,0.003700,0.100985,0.082029,0.105239,1.425332,0.039152,0.106326,1.410760,0.038789
1994-09,-0.029590,-0.024047,0.003700,0.102734,0.100985,0.112808,1.329692,-0.040566,0.105755,1.418366,-0.043518
1994-10,0.036578,0.022509,0.003800,0.115264,0.102734,0.111223,1.348637,0.048006,0.104049,1.441622,0.051053
1994-11,-0.047207,-0.036294,0.003700,0.127137,0.115264,0.119039,1.260090,-0.060448,0.109140,1.374376,-0.066266
1994-12,0.012616,0.014782,0.004400,0.108988,0.127137,0.125625,1.194026,0.014210,0.118352,1.267411,0.014813
1995-01,0.001103,0.026017,0.004200,0.076237,0.108988,0.120997,1.239700,0.000360,0.111796,1.341728,0.000044
1995-02,0.040478,0.039186,0.004000,0.075867,0.076237,0.105367,1.423598,0.055930,0.096621,1.552450,0.060630
1995-03,0.050641,0.029371,0.004600,0.073508,0.075867,0.098878,1.517018,0.074446,0.087829,1.707862,0.083232
