year,000,001,010,011,100,101,110,111,111 capped
1995,0.20357631,0.21398348,0.25291076,0.26114184,0.25726156,0.27031991,0.27565821,0.29278778,0.29265630
1996,0.19510048,0.19422202,0.23694714,0.22768406,0.27159582,0.26519355,0.29005498,0.28556346,0.28566392
1997,0.29665333,0.29833384,0.33087621,0.33030857,0.41629807,0.39540409,0.39406721,0.38795231,0.38734592
1998,0.13652049,0.12059081,0.30179746,0.27589488,0.41824781,0.35746762,0.64029901,0.56172399,0.56426277
1999,0.12777827,0.07584675,0.19277089,0.15240002,0.55503400,0.41276423,0.54264379,0.45709052,0.46074059
2000,0.11124317,0.14929018,-0.10026854,-0.06049889,-0.28889981,-0.20509174,-0.36079874,-0.29383374,-0.24166655
2001,0.04327763,0.03797173,-0.10493081,-0.09131597,-0.26595634,-0.22612625,-0.36686388,-0.33726804,-0.33939671
2002,-0.17293349,-0.12382158,-0.21375455,-0.18202174,-0.10507740,-0.07235396,-0.12049348,-0.10456482,-0.10605865
2003,0.43074522,0.35345686,0.28944959,0.25232626,0.35372452,0.31007556,0.32207097,0.28105478,0.26705957
2004,0.17314648,0.18055183,0.10585637,0.11526575,0.12990698,0.17041157,0.07381728,0.09939530,0.10247145
2005,0.07854213,0.07953111,0.05125578,0.04691290,0.21678734,0.19593067,0.20105756,0.18655715,0.17832680
2006,0.16241994,0.17029365,0.15974657,0.16925741,0.09658873,0.10237408,0.09178852,0.09942379,0.09942379
2007,0.01849909,0.00939169,0.05099879,0.03447419,0.02920201,0.02833459,0.07708884,0.05668394,0.05716624
2008,-0.40150894,-0.36552996,-0.36550086,-0.32903443,-0.46544397,-0.42244957,-0.39948675,-0.34903168,-0.35096136
2009,0.50529772,0.41519752,0.27028187,0.22979551,0.09240131,0.06487795,0.23060895,0.17857758,0.17575841
2010,0.21334151,0.20014799,0.14743288,0.13833769,0.20031969,0.20892350,0.22725136,0.21241884,0.18813618
2011,0.01148913,0.04311203,0.02136019,0.05602394,-0.06711024,-0.01720928,0.00234492,0.04828259,0.02245109
2012,0.16929728,0.15982343,0.15962811,0.14782939,0.18721335,0.17459375,0.14984138,0.14707089,0.15200578
2013,0.37018565,0.34547772,0.32332989,0.30499571,0.30538085,0.30578484,0.26893767,0.26682529,0.29059777
2014,0.14332604,0.14805932,0.13725993,0.13209783,0.10571954,0.09648911,0.12716481,0.11539200,0.10981852
2015,-0.02516571,-0.00733119,0.00998946,0.00850966,0.06160508,0.06836949,0.06905515,0.06272767,0.06674679
2016,0.14311382,0.13207318,0.11575889,0.11151730,0.06257863,0.05940974,0.05209688,0.04734050,0.04564334
2017,0.18298357,0.18934949,0.21693895,0.21158652,0.30761853,0.29436209,0.34452527,0.31512448,0.31447020
2018,-0.06983872,-0.06235777,-0.04225177,-0.03472327,-0.05477417,-0.05971856,0.00485853,-0.00329921,0.00847083
2019,0.29337471,0.29372566,0.31368514,0.30491666,0.20245000,0.22577892,0.24913984,0.24861561,0.24123462
2020,0.12834271,0.09973840,0.18899976,0.15475891,0.22619854,0.18513342,0.37381920,0.33022676,0.23679257
2021,0.30574860,0.29426693,0.28892392,0.27537937,0.20648117,0.21848936,0.17677357,0.19289114,0.21644807
2022,-0.11123711,-0.10271361,-0.18412587,-0.15664401,-0.12124321,-0.13103049,-0.14471505,-0.12107831,-0.12632689
2023,0.14054297,0.12110110,0.26566889,0.20993533,0.15887154,0.15168239,0.18643314,0.17602227,0.17422502
2024,0.13000035,0.13796667,0.25261656,0.22612509,0.30361940,0.28941010,0.77743535,0.62099578,0.48324442
2025,0.11355201,0.09653684,0.18957933,0.15768391,0.25769580,0.21327293,0.24728212,0.21199368,0.24944350
