month,000,001,010,011,100,101,110,111,111 capped
1995-04,0.02391010,0.02284008,0.02936829,0.02873516,0.03206149,0.03023014,0.05045754,0.04699498,0.04744743
1995-05,0.03317325,0.03564997,0.03930549,0.03937455,0.02069238,0.02370409,0.03200901,0.03317463,0.03241974
1995-06,0.02498256,0.01931342,0.02369828,0.01877341,0.06782882,0.05648640,0.04985883,0.04235833,0.04247625
1995-07,0.03326643,0.03222814,0.03307303,0.03076063,0.04078688,0.03905092,0.04412804,0.03918625,0.03946533
1995-08,0.00739371,0.00865884,0.00292013,0.00262236,0.01339006,0.01035838,0.00171387,-0.00248293,-0.00196069
1995-09,0.02444526,0.02748012,0.04273398,0.04705952,0.04294732,0.04837122,0.04288038,0.05071216,0.04996864
1995-10,-0.02436638,-0.01894182,-0.00358270,-0.00015576,-0.01527468,-0.00822707,0.02885584,0.03071438,0.03071438
1995-11,0.05073867,0.05015643,0.04423663,0.04588129,0.03600415,0.03968264,0.00699695,0.01746205,0.01746205
1995-12,0.01540755,0.02009852,0.01770774,0.02312654,-0.00403028,0.00461599,-0.00819383,0.00377834,0.00377834
1996-01,0.03116571,0.03128329,0.03497540,0.03396734,0.04318413,0.04540547,0.04736203,0.04912908,0.04912908
1996-02,0.01056920,0.00817358,0.01017885,0.00669493,0.02838552,0.02501205,0.03668386,0.03177298,0.03177298
1996-03,0.01842679,0.01743246,0.01077024,0.01106231,0.00169397,0.00469704,-0.01205047,-0.00906213,-0.00906213
1996-04,0.02928997,0.02145604,0.01624313,0.01051954,0.01525397,0.00817471,0.00263950,-0.00242718,-0.00242718
1996-05,0.01377050,0.01431329,0.02562560,0.02613271,0.02888484,0.02627948,0.04265129,0.04378344,0.04378344
1996-06,-0.00944032,-0.00212198,0.00422608,0.01009448,-0.00016503,0.00611450,0.02102647,0.02557185,0.02557185
1996-07,-0.05765920,-0.05237626,-0.04433789,-0.04261009,-0.04058878,-0.03953224,-0.03832945,-0.03688321,-0.03688321
1996-08,0.03413973,0.03092961,0.02097992,0.01833753,0.02589177,0.02546056,0.00996750,0.00778719,0.00778719
1996-09,0.05035406,0.04838828,0.05660726,0.05327939,0.07450272,0.06969627,0.07523219,0.06875575,0.06875575
1996-10,0.01391799,0.01969664,0.02713732,0.02975678,0.04589206,0.04379625,0.03964538,0.03998878,0.03986261
1996-11,0.06849271,0.06374088,0.07544116,0.07107928,0.05157890,0.05158213,0.05980860,0.06042956,0.06042517
1996-12,-0.01751774,-0.01711435,-0.01802123,-0.01663831,-0.02594219,-0.02380160,-0.02082400,-0.01898378,-0.01878401
1997-01,0.04139891,0.03726768,0.06151056,0.05782253,0.06046049,0.05954736,0.08248265,0.07993079,0.08039753
1997-02,0.01106152,0.01460430,0.00891727,0.01308819,0.00243285,0.00728864,0.01439520,0.01926349,0.01949420
1997-03,-0.03491514,-0.03526031,-0.04210741,-0.04054537,-0.03751344,-0.03988292,-0.06311538,-0.06018865,-0.06054131
1997-04,0.03183113,0.03272042,0.06100412,0.05944820,0.06405017,0.06145288,0.11384441,0.10806660,0.10442820
1997-05,0.07243433,0.06691998,0.06116669,0.05817060,0.08348866,0.06883260,0.06168247,0.05622994,0.06065238
1997-06,0.03938020,0.04194242,0.04384394,0.04566776,0.04531609,0.04882303,0.03168472,0.03737408,0.04292102
1997-07,0.07995883,0.07268875,0.07870622,0.07127152,0.14425715,0.12080623,0.14831745,0.12581372,0.11815068
1997-08,-0.02743113,-0.03138294,-0.05473062,-0.05682194,-0.04754776,-0.05059743,-0.05950771,-0.06630429,-0.07002797
1997-09,0.05219180,0.05232182,0.05303827,0.05391314,0.07206987,0.06590698,0.05474737,0.05316548,0.05723107
1997-10,-0.04295906,-0.03760006,-0.03297756,-0.03021505,-0.06266094,-0.04835284,-0.05876611,-0.04766276,-0.04770631
1997-11,0.03214316,0.03599878,0.04634299,0.04798292,0.03803580,0.04034173,0.04616059,0.04993073,0.04987338
1997-12,0.01628842,0.02174169,0.01599407,0.01979066,0.01036228,0.01914654,-0.00975710,-0.00167533,-0.00154432
1998-01,-0.00445631,-0.00972063,0.01246537,0.00683438,0.00788732,-0.00364267,0.04352803,0.03051515,0.03034046
1998-02,0.07621556,0.07294887,0.07193158,0.06982483,0.11684302,0.10437442,0.10877275,0.09573393,0.09566956
1998-03,0.05126671,0.05174807,0.05122808,0.05352496,0.04526479,0.04964489,0.02790160,0.03669970,0.03666775
1998-04,0.00428610,0.00049875,0.01211279,0.00912332,0.01137205,0.00724337,0.03318118,0.02505901,0.02581071
1998-05,-0.02433554,-0.02038397,-0.01748911,-0.01506671,-0.00990843,-0.01116778,-0.00282783,-0.00292883,-0.00256353
1998-06,0.01178866,0.00978619,0.04027767,0.03758947,0.06203001,0.05567783,0.07202219,0.06679369,0.06634121
1998-07,-0.04189100,-0.04359319,-0.00969834,-0.01444235,-0.01144402,-0.01743147,0.02275319,0.01387137,0.01440006
1998-08,-0.14513178,-0.13142896,-0.14114364,-0.13321342,-0.14380755,-0.13254064,-0.13374082,-0.12925561,-0.12971693
1998-09,0.05852043,0.05382113,0.06537157,0.06104662,0.06544137,0.05573033,0.07684588,0.06288607,0.06418027
1998-10,0.08817799,0.08079636,0.08440171,0.08197487,0.06499646,0.06170491,0.07656002,0.07704332,0.07704332
1998-11,0.05072778,0.04815648,0.06314358,0.05959941,0.05375464,0.05454273,0.06647016,0.06929722,0.06929722
1998-12,0.02672359,0.02167276,0.05587475,0.04914419,0.11997597,0.10951763,0.14002718,0.13225562,0.13225562
1999-01,0.01864242,0.00274584,0.04073264,0.02922430,0.07414525,0.06237969,0.09931721,0.08787664,0.08787664
1999-02,-0.02498875,-0.02030524,-0.03120521,-0.02639954,-0.03032324,-0.02712031,-0.04789391,-0.04156554,-0.04156554
1999-03,0.02336436,0.01750413,0.03444224,0.03156110,0.03129863,0.02689308,0.04499751,0.04242644,0.04242644
1999-04,0.09677523,0.09705670,0.03867155,0.04156977,0.00433727,0.00675591,-0.01075779,-0.00998232,-0.00632436
1999-05,-0.00252885,0.00156258,-0.02181629,-0.01748703,-0.03432912,-0.02710917,-0.05061510,-0.03961593,-0.03819710
1999-06,0.03797809,0.03053789,0.05513826,0.04831736,0.07394053,0.06936742,0.08552066,0.08738952,0.08920917
1999-07,-0.03466724,-0.03293875,-0.03000757,-0.02926488,-0.01083570,-0.01362761,-0.02332546,-0.02411576,-0.02171897
1999-08,-0.01887160,-0.02035818,-0.00507730,-0.00593539,0.00108449,-0.00724464,0.01997127,0.01711755,0.01585383
1999-09,-0.03485871,-0.03888546,-0.02963376,-0.03200668,-0.00683809,-0.01131353,0.00199316,-0.00113620,-0.00213408
1999-10,0.02894907,0.03053371,0.06273164,0.06109599,0.05957884,0.04733928,0.05288274,0.03502732,0.03487133
1999-11,-0.00463852,-0.01640095,0.01933687,0.01028871,0.10624558,0.07533678,0.10497441,0.08358773,0.08356362
1999-12,0.04372814,0.02987543,0.05156730,0.03779166,0.20568112,0.16551183,0.19130835,0.16609622,0.16100951
2000-01,-0.06092483,-0.05709241,-0.04650238,-0.04212942,-0.06325588,-0.05301393,-0.06558184,-0.05008667,-0.04663350
2000-02,-0.03252784,-0.05808412,-0.02522010,-0.04525398,0.15791265,0.11019621,0.11289181,0.08706092,0.08928652
2000-03,0.09533838,0.09961699,0.10333758,0.10203756,0.06637784,0.06880187,0.09373613,0.09547999,0.09466436
2000-04,0.00979056,0.01984038,-0.02930853,-0.02063440,-0.09120430,-0.06840493,-0.11240251,-0.08810082,-0.06284773
2000-05,0.01617009,0.02449136,-0.02171587,-0.00841167,-0.12326886,-0.09073097,-0.15732231,-0.12385344,-0.09277030
2000-06,-0.02943449,-0.03626036,0.02378110,0.01333346,0.06587912,0.06077997,0.08139200,0.08277749,0.09226467
2000-07,0.00569468,0.01166955,-0.01094321,-0.00756826,-0.04734421,-0.03460468,0.00191618,0.00863502,0.00699617
2000-08,0.06645082,0.06417137,0.06203470,0.05566105,0.12906119,0.12057124,0.10971673,0.11102589,0.12458795
2000-09,-0.00325162,0.00874254,-0.04969533,-0.03162906,-0.05867448,-0.05605366,-0.09153242,-0.10198322,-0.11527239
2000-10,0.02024549,0.02720987,-0.00740257,0.00201841,-0.06728899,-0.05397000,-0.08624590,-0.07531999,-0.07480613
2000-11,-0.03935392,-0.02241025,-0.08723505,-0.07021885,-0.24282026,-0.19869517,-0.20391295,-0.17838469,-0.17836412
2000-12,0.07013550,0.07166828,-0.00213890,0.00219966,0.01237836,0.01703747,-0.05435684,-0.05615826,-0.05685395
2001-01,0.03265274,0.01418441,0.04846187,0.03288910,0.09598430,0.07463145,0.07549014,0.06494595,0.06549200
2001-02,-0.02752988,-0.01197450,-0.09855629,-0.07665952,-0.23411953,-0.20209035,-0.28899019,-0.25953291,-0.25882942
2001-03,-0.03664714,-0.03059686,-0.06370021,-0.05771090,-0.12026199,-0.10568652,-0.15718633,-0.14512674,-0.14455627
2001-04,0.08505492,0.06926906,0.08191097,0.07260517,0.05499648,0.04891710,0.04819306,0.04554245,0.04499016
2001-05,0.01463600,0.02317518,0.00566379,0.01115729,0.02256320,0.01952615,0.01115192,0.01196051,0.01121842
2001-06,-0.01494722,-0.01960300,-0.02507937,-0.02636663,-0.03628811,-0.03575307,-0.03854004,-0.03954568,-0.04157300
2001-07,-0.01020717,-0.00119433,-0.01174147,-0.00699974,-0.00471196,-0.00518203,-0.02056524,-0.01919125,-0.01439690
2001-08,-0.04112090,-0.02971123,-0.06507724,-0.05497090,-0.04741466,-0.03445646,-0.02720569,-0.02371199,-0.02710656
2001-09,-0.11804875,-0.10000556,-0.08259656,-0.06796325,-0.10010790,-0.08244978,-0.05497824,-0.04936757,-0.05387543
2001-10,0.04388891,0.02130214,0.02665327,0.01274100,-0.01105049,-0.01043506,-0.02387913,-0.02377911,-0.02367914
2001-11,0.10619129,0.08509287,0.08606297,0.06728636,0.07863377,0.07204618,0.06181170,0.05546738,0.05615548
2001-12,0.02878634,0.03065679,0.00890754,0.01286642,0.05056655,0.04673357,0.03301149,0.03146164,0.03211626
2002-01,-0.00239846,0.00254350,-0.01212106,-0.01334983,0.00340789,0.00885426,0.01329392,0.01613905,0.01511744
2002-02,-0.01808814,0.00684576,-0.02461096,-0.00473781,0.01575066,0.01936523,0.00476933,0.00714817,0.00652044
2002-03,0.06406104,0.05496470,0.04250768,0.03767917,0.03988707,0.03926612,0.04074239,0.03929636,0.03971626
2002-04,-0.03649817,-0.02264166,-0.06199272,-0.05179051,0.00509784,0.00780318,0.00651864,0.00959508,0.01145718
2002-05,-0.01275009,-0.00452972,-0.00755083,-0.00387122,0.01238579,0.01001507,0.00633166,0.00083010,0.00223166
2002-06,-0.07702179,-0.06078320,-0.07044792,-0.06063111,-0.05556022,-0.04581484,-0.07574099,-0.07401968,-0.06985946
2002-07,-0.10493276,-0.09360735,-0.07470056,-0.07060720,-0.08814030,-0.07634778,-0.06413439,-0.05061867,-0.05458057
2002-08,0.00685591,0.01211680,0.00691017,0.00939114,0.02169653,0.02856082,0.01763862,0.01939658,0.01824488
2002-09,-0.10360058,-0.09468183,-0.10922368,-0.10171476,-0.05584680,-0.05571060,-0.05418122,-0.05235559,-0.05570014
2002-10,0.07374618,0.05571983,0.09183124,0.07995158,0.00881324,0.01180176,0.00776828,0.00852560,0.00919357
2002-11,0.11464804,0.07728076,0.06408210,0.04487158,-0.00331802,-0.01088911,-0.02764801,-0.03188898,-0.03136333
2002-12,-0.06522036,-0.04673279,-0.06192679,-0.04855926,-0.00654951,-0.00464716,0.00447278,0.00484147,0.00431291
2003-01,-0.02568310,-0.02833407,-0.02814636,-0.02899283,-0.02305552,-0.02274477,-0.02491093,-0.02351313,-0.02459772
2003-02,-0.02028838,-0.02203228,-0.01596545,-0.01794222,-0.01452658,-0.01471715,-0.01855516,-0.01948436,-0.01841781
2003-03,0.00560204,0.00526829,0.00911617,0.01086265,0.00556524,0.00813497,0.01412572,0.01506209,0.01182741
2003-04,0.10563354,0.08649444,0.08312865,0.07374838,0.05199289,0.04820108,0.05080085,0.04824501,0.04739844
2003-05,0.10050645,0.08382004,0.05638037,0.04987676,0.07835345,0.06926172,0.06277185,0.05649867,0.05320822
2003-06,0.01074792,0.00819224,0.01276201,0.01142191,0.02030251,0.01181389,0.03469903,0.02494963,0.02004559
2003-07,0.02557821,0.02486548,0.01817063,0.01445821,0.00550791,0.00351622,0.01139895,0.01095824,0.00974687
2003-08,0.04763515,0.03694635,0.02078709,0.01584730,0.02455015,0.01894689,0.00388210,-0.00006963,0.00213878
2003-09,-0.01930670,-0.01642598,-0.01145978,-0.00908230,0.02106338,0.01632032,0.01606243,0.01509482,0.01380522
2003-10,0.07086990,0.06519895,0.05644842,0.05070234,0.09022389,0.08007172,0.07534933,0.06380981,0.06369093
2003-11,0.02135881,0.01882855,0.00963120,0.00797574,0.02400316,0.02377694,0.01694688,0.01284512,0.01318687
2003-12,0.05163227,0.05203661,0.05216313,0.05356830,0.02875972,0.03565472,0.04497248,0.05027555,0.05131894
2004-01,0.02247706,0.01692878,0.01782321,0.01489661,0.05724587,0.04014888,0.04009888,0.03144659,0.03042159
2004-02,0.01991279,0.02418905,0.01490475,0.01784634,0.00884366,0.01595290,0.00401661,0.00614139,0.00606451
2004-03,-0.00581905,-0.00210165,-0.01531648,-0.01327410,-0.01328640,0.00209966,-0.00253011,0.00595245,0.00593453
2004-04,-0.02416220,-0.01830674,-0.01520448,-0.01036615,-0.06522757,-0.05402500,-0.05558306,-0.04794697,-0.04786301
2004-05,0.01873432,0.01707012,0.01372728,0.01253571,0.04633633,0.03431394,0.05151657,0.04205412,0.04140145
2004-06,0.03079244,0.02887959,0.01879911,0.01777828,0.02374572,0.02907015,0.02281055,0.02509563,0.02566161
2004-07,-0.04213599,-0.03331250,-0.03264104,-0.02658579,-0.07315933,-0.05644339,-0.08018226,-0.06700193,-0.06655355
2004-08,-0.00225382,0.00546210,0.00311448,0.00879026,-0.04434114,-0.02760942,-0.04186836,-0.02904864,-0.02818462
2004-09,0.02760651,0.02453965,0.00986212,0.00780299,0.05890616,0.05803963,0.04816069,0.04862733,0.04941561
2004-10,0.02420651,0.01973651,0.01452405,0.01184195,0.01233851,0.01688597,0.01217338,0.01117461,0.01061121
2004-11,0.05841239,0.05170710,0.03943633,0.03690445,0.09551510,0.08073690,0.06514170,0.05980744,0.06084371
2004-12,0.03721115,0.03531731,0.03439921,0.03327073,0.03079627,0.02891314,0.01911418,0.01719065,0.01854196
2005-01,-0.03024193,-0.02326969,-0.02384339,-0.01996886,-0.00784617,-0.00598949,-0.01364746,-0.00778714,-0.00891303
2005-02,0.01891915,0.01992629,0.02033953,0.02173230,0.05212454,0.05599777,0.05699309,0.07434804,0.06177634
2005-03,-0.01299158,-0.00894261,-0.01755930,-0.01732920,-0.01358663,-0.00859335,-0.01321354,-0.01585938,-0.01192367
2005-04,-0.03129429,-0.02447664,-0.01895281,-0.01578538,-0.03881459,-0.03432598,-0.04324312,-0.03798853,-0.03740772
2005-05,0.04573293,0.03715288,0.03210539,0.02612937,0.04103733,0.03633654,0.03124994,0.02399945,0.02712756
2005-06,0.01495185,0.01420760,0.00148037,-0.00002039,0.02321142,0.02443847,0.01810251,0.01913932,0.01913300
2005-07,0.05009153,0.04453384,0.03777607,0.03250463,0.06534337,0.05588475,0.05362264,0.04497694,0.04664227
2005-08,-0.01056296,-0.01154515,-0.00910579,-0.00949461,0.01861689,0.01090685,0.02578798,0.01776061,0.01653745
2005-09,0.01042444,0.00695586,0.00826445,0.00712310,0.04496698,0.03549763,0.05412695,0.04524309,0.04306820
2005-10,-0.02529186,-0.02062974,-0.01502141,-0.01071361,-0.04376096,-0.04126310,-0.03264099,-0.03167905,-0.03167905
2005-11,0.04320867,0.04005565,0.03800298,0.03676970,0.04217375,0.03892196,0.03550312,0.03170433,0.03170433
2005-12,0.00760450,0.00621854,-0.00057397,-0.00274394,0.02131820,0.01817826,0.01836760,0.01443423,0.01443423
2006-01,0.04200029,0.03346320,0.02580156,0.01896673,0.06365944,0.05682727,0.05820801,0.04940521,0.04940521
2006-02,0.00277684,0.00751671,0.00297455,0.00684979,-0.02355456,-0.01367367,-0.02418252,-0.01374582,-0.01374582
2006-03,0.01987691,0.01581226,0.01330787,0.01224354,0.01390799,0.01067298,0.00717449,0.00510916,0.00510916
2006-04,0.01053017,0.01192633,0.01164572,0.01253684,0.01486471,0.01018811,0.01965899,0.01472737,0.01472737
2006-05,-0.02763545,-0.02307639,-0.02719643,-0.02306244,-0.03855938,-0.03426665,-0.04377888,-0.03993795,-0.03993795
2006-06,-0.00152380,0.00052163,0.00099254,0.00158608,-0.00410226,-0.00192990,-0.00012709,0.00125710,0.00125710
2006-07,-0.01285083,-0.00525979,0.00752536,0.01232701,-0.01168179,-0.00761894,-0.00372253,-0.00192096,-0.00192096
2006-08,0.02715693,0.02541993,0.02481357,0.02497545,0.01103841,0.01379410,0.00704391,0.00996336,0.00996336
2006-09,0.02476111,0.02477168,0.02629617,0.02752767,0.00010295,0.00486970,0.00785966,0.01243301,0.01243301
2006-10,0.03618311,0.03502004,0.03211677,0.03036058,0.04606198,0.03851266,0.04162278,0.03579790,0.03579790
2006-11,0.02518939,0.02106780,0.01872303,0.01453384,0.02950153,0.02097979,0.01937564,0.01130912,0.01130912
2006-12,0.00726606,0.01264275,0.01350394,0.01964952,-0.00423761,0.00255050,0.00291144,0.01351397,0.01351397
2007-01,0.02505202,0.02296846,0.01529349,0.01324040,0.03665734,0.03519366,0.02826175,0.02781313,0.02781313
2007-02,-0.00427318,-0.00503279,-0.01888217,-0.02059265,-0.00277697,-0.00866061,-0.01714555,-0.02378623,-0.02378623
2007-03,0.00873336,0.00762761,0.01122411,0.00957717,0.02095348,0.01500426,0.02823105,0.02142158,0.02142158
2007-04,0.04349505,0.04052512,0.04430417,0.04271716,0.02272490,0.02474805,0.03306823,0.03338426,0.03340543
2007-05,0.03267394,0.02922410,0.03371668,0.02962519,0.01753808,0.01734357,0.02830271,0.02656382,0.02654420
2007-06,-0.01694959,-0.01989905,-0.01685873,-0.01954893,-0.03991517,-0.03728236,-0.03306204,-0.03211175,-0.03212961
2007-07,-0.04245062,-0.04476807,-0.03149934,-0.03301170,-0.04727932,-0.04577579,-0.04122125,-0.04042243,-0.04041845
2007-08,0.00123146,0.00512776,0.01516971,0.01786338,0.01180325,0.01533141,0.01975778,0.02302057,0.02302307
2007-09,0.02730774,0.02537948,0.03580831,0.03379281,0.03148799,0.03106935,0.03573028,0.03407173,0.03405794
2007-10,0.01186883,0.01059336,0.01572157,0.01242071,0.02067308,0.02440275,0.03522369,0.03067653,0.03087644
2007-11,-0.04824896,-0.04155981,-0.04189309,-0.03709521,-0.04163045,-0.03920280,-0.05378598,-0.05230837,-0.05221544
2007-12,-0.01547909,-0.01667031,-0.00804733,-0.01111886,0.00346570,0.00043836,0.01726393,0.01275272,0.01294330
2008-01,-0.04732663,-0.04470865,-0.05801178,-0.05111458,-0.10064868,-0.09005689,-0.11231235,-0.09562855,-0.09587869
2008-02,-0.02883417,-0.03225062,-0.03309817,-0.03752561,-0.01454588,-0.01546342,-0.01888887,-0.01640605,-0.01620348
2008-03,-0.00951371,-0.00702108,-0.00374517,0.00030279,-0.00538608,-0.00294828,0.01342021,0.01653264,0.01601552
2008-04,0.05275121,0.04842151,0.04897644,0.03927722,0.09194152,0.08251751,0.08737838,0.07406434,0.07387114
2008-05,0.02561672,0.02721510,0.01342828,0.01290765,0.05183229,0.04521117,0.04831979,0.04079685,0.04141184
2008-06,-0.09772274,-0.08904896,-0.08449443,-0.08013065,-0.03739646,-0.04015364,-0.03164293,-0.03391489,-0.03407578
2008-07,-0.00985955,-0.00464592,-0.00772824,-0.00137798,-0.07024524,-0.06506070,-0.07409831,-0.06889730,-0.06880696
2008-08,0.02715555,0.02504407,0.01516062,0.01797900,-0.00938207,-0.00633850,-0.00185233,0.00106287,0.00106140
2008-09,-0.10298654,-0.09035905,-0.08564221,-0.07307851,-0.15965151,-0.14380963,-0.14271796,-0.12129218,-0.12195495
2008-10,-0.20920218,-0.19624593,-0.16937076,-0.15653411,-0.20278879,-0.18136224,-0.15144085,-0.13430156,-0.13511269
2008-11,-0.09712750,-0.08173295,-0.07180739,-0.05687135,-0.09870860,-0.08101807,-0.07522339,-0.05980180,-0.06070845
2008-12,0.02919355,0.02848428,0.01178006,0.01185207,-0.01370475,-0.00506556,-0.00861511,-0.00005826,-0.00013051
2009-01,-0.07686746,-0.06689858,-0.07613598,-0.07057998,-0.03723735,-0.03992673,-0.03333253,-0.04075336,-0.03794228
2009-02,-0.10985531,-0.10971661,-0.10293304,-0.10347830,-0.07760126,-0.08664767,-0.06547431,-0.07248180,-0.07487337
2009-03,0.10064579,0.08727058,0.08917933,0.07708620,0.06107760,0.05541359,0.06328953,0.05468868,0.05461891
2009-04,0.19039698,0.15340659,0.09175280,0.07075159,-0.00100896,-0.00646634,-0.01208774,-0.01591150,-0.01039185
2009-05,0.06579637,0.04826332,0.05353612,0.04553222,-0.00495888,-0.01166452,0.03408987,0.03397393,0.03750797
2009-06,-0.00836336,-0.00023506,0.00212752,0.00818995,0.01948747,0.03227942,0.02955440,0.03293401,0.02037375
2009-07,0.10174430,0.09355125,0.07333604,0.06880442,0.05822116,0.05393015,0.05813161,0.05180960,0.04178542
2009-08,0.06413554,0.04965100,0.03213852,0.02548935,-0.02140684,-0.01265069,-0.01577781,-0.00991534,-0.00000078
2009-09,0.05941956,0.05275020,0.03655974,0.03313527,0.01194546,0.01308559,0.02323375,0.02327518,0.02619491
2009-10,-0.03387569,-0.02434502,-0.01631073,-0.00915140,-0.03559171,-0.02766025,-0.01316131,-0.00803031,-0.00942118
2009-11,0.05379318,0.05458182,0.06039895,0.06176794,0.05662546,0.04945275,0.08470824,0.07198429,0.07091993
2009-12,0.04615830,0.04252299,0.01923846,0.01910189,0.07126001,0.05521381,0.06784306,0.05457169,0.05427140
2010-01,-0.03201948,-0.03172600,-0.03555015,-0.03482518,-0.03042242,-0.02789425,-0.02526934,-0.03113814,-0.04132810
2010-02,0.04167003,0.03831258,0.02975987,0.02667499,0.04653303,0.04478472,0.05296795,0.04870891,0.04854393
2010-03,0.07011577,0.06222123,0.05987546,0.05313658,0.06562203,0.06063759,0.06558021,0.06242447,0.06289177
2010-04,0.02776010,0.02315195,0.01533833,0.01040107,0.02200925,0.02481607,0.02751607,0.02987697,0.02238133
2010-05,-0.07368860,-0.06833036,-0.07994992,-0.07445563,-0.07648362,-0.07409496,-0.08326182,-0.08064908,-0.08284411
2010-06,-0.06119838,-0.04872934,-0.05295249,-0.04354028,-0.09320735,-0.08050066,-0.08090696,-0.07205306,-0.07472772
2010-07,0.07188636,0.06606790,0.07007736,0.06509076,0.08606126,0.08063999,0.09664778,0.08659844,0.08999131
2010-08,-0.04676868,-0.03614968,-0.04474826,-0.03398496,-0.06530120,-0.05167945,-0.06381621,-0.05689506,-0.05509764
2010-09,0.09987469,0.09160870,0.08960749,0.08478485,0.13190405,0.12739384,0.12086440,0.12104289,0.12033863
2010-10,0.03602578,0.03495965,0.03851952,0.03717607,0.03534668,0.03711383,0.04761628,0.04795551,0.04692036
2010-11,0.00870013,0.00396989,-0.00077118,-0.00517311,0.02298066,0.01748777,0.02349166,0.01692763,0.01554244
2010-12,0.07129731,0.06336337,0.06605623,0.05895035,0.06576628,0.05501882,0.05047633,0.04415211,0.04477779
2011-01,0.02084226,0.01767322,0.02340117,0.01940433,0.00703463,0.00851551,0.01701661,0.01641268,0.01346327
2011-02,0.04111512,0.03833284,0.03272335,0.03088526,0.05058177,0.04855006,0.04008414,0.04122924,0.04125458
2011-03,0.00811343,0.00930506,0.00098707,0.00239733,0.00377417,0.00977227,0.00943746,0.01071412,0.01278292
2011-04,0.03166642,0.03458834,0.02935110,0.03428655,0.02048352,0.02395654,0.01725333,0.02049508,0.02210329
2011-05,-0.00546834,-0.00109934,-0.01187811,-0.00679901,-0.00074484,-0.00092301,-0.01670835,-0.01541292,-0.01629556
2011-06,-0.01832723,-0.01581592,-0.01659258,-0.01551761,-0.01218512,-0.00989631,-0.01059992,-0.01014848,-0.00764777
2011-07,-0.03480434,-0.03334997,-0.01968897,-0.01890334,-0.03697753,-0.03681723,0.00189970,0.00555530,-0.00990444
2011-08,-0.06100438,-0.04794988,-0.05470196,-0.04179534,-0.07226668,-0.06124371,-0.06083654,-0.05215534,-0.05649526
2011-09,-0.08268262,-0.06833221,-0.06864624,-0.05478661,-0.11894160,-0.09667301,-0.08627566,-0.06780417,-0.07486307
2011-10,0.13369240,0.11736012,0.11283480,0.09761836,0.13790182,0.12804793,0.11140103,0.10094191,0.10266105
2011-11,-0.00589928,-0.00251499,-0.00322472,0.00146033,-0.01312531,-0.00518030,-0.00558557,0.00086369,0.00204119
2011-12,0.00033534,0.00625406,0.00817923,0.01485976,-0.01342293,-0.00865184,-0.00175073,0.00648865,0.00410965
2012-01,0.05537724,0.04539960,0.04790158,0.03606550,0.05829496,0.04764049,0.05145650,0.03952721,0.03774376
2012-02,0.04108996,0.03646494,0.04308118,0.03883375,0.05510152,0.05167150,0.06217215,0.06148367,0.05760177
2012-03,0.02350650,0.02534607,0.03184522,0.03197990,0.02600860,0.02955677,0.03725805,0.03961731,0.03775650
2012-04,-0.00797685,-0.00270668,-0.00581446,-0.00230412,0.02043407,0.02098863,0.01053127,0.01063672,0.01296279
2012-05,-0.06939407,-0.05682294,-0.05967100,-0.04672285,-0.03429182,-0.02845754,-0.03622125,-0.03293288,-0.03429118
2012-06,0.03793190,0.03787650,0.04137570,0.04172339,0.02130810,0.02277887,0.02656069,0.02878121,0.02991342
2012-07,0.00146292,0.00468850,0.01390611,0.01793584,0.00515413,0.00777663,0.01598008,0.01868639,0.01700444
2012-08,0.02831368,0.02057743,0.02212473,0.01524228,0.01173027,0.00621506,0.01919136,0.01404685,0.00890297
2012-09,0.02478361,0.02260550,0.02503779,0.02372806,0.01720869,0.01635738,0.01745854,0.01787601,0.01892930
2012-10,-0.00658126,-0.00579210,-0.01820205,-0.01770070,-0.01825686,-0.01485852,-0.03458963,-0.02925950,-0.02174885
2012-11,0.01080361,0.00933182,0.00455413,0.00268595,0.01102479,0.00972201,0.00473927,0.00322193,0.00489669
2012-12,0.02397670,0.01630942,0.00803101,0.00096659,0.00281774,-0.00441442,-0.02852822,-0.02882099,-0.02317130
2013-01,0.06643106,0.06166716,0.05205646,0.05055199,0.04766647,0.04548522,0.01256165,0.02029546,0.03394955
2013-02,0.01345370,0.01741633,0.01306234,0.01637687,0.01188053,0.01847126,0.01146923,0.01535492,0.01818700
2013-03,0.04444456,0.04616160,0.03730371,0.03947844,0.04788372,0.04805367,0.04285281,0.04443106,0.04705838
2013-04,0.01614305,0.01937657,0.01961882,0.02285131,0.01204013,0.01580429,0.01792906,0.02142375,0.02142375
2013-05,0.02849866,0.01507221,0.02345433,0.01248207,0.02833569,0.01687056,0.02724725,0.01347166,0.01347166
2013-06,-0.00952758,-0.00617277,-0.01336635,-0.00887469,-0.02704984,-0.01782287,-0.01837546,-0.00978737,-0.00978737
2013-07,0.05517525,0.05296856,0.05042577,0.04667436,0.04077999,0.04653267,0.05050679,0.04898576,0.04898576
2013-08,-0.02787715,-0.03077539,-0.02854060,-0.03305844,-0.03586897,-0.03655388,-0.03261838,-0.03630121,-0.03630121
2013-09,0.04108591,0.03730280,0.03075367,0.02749208,0.04044976,0.03671659,0.03435412,0.03074323,0.03074323
2013-10,0.04226997,0.04247543,0.04591529,0.04579796,0.04676280,0.04205224,0.03399782,0.03522502,0.03522502
2013-11,0.02379701,0.02170497,0.03125089,0.02930269,0.04600053,0.03968633,0.05058546,0.04499612,0.04499612
2013-12,0.02903456,0.02686049,0.02475249,0.02332048,0.01520169,0.01841266,0.01365057,0.01329583,0.01329583
2014-01,-0.02983490,-0.02828092,-0.03581007,-0.03643637,-0.02769324,-0.03093773,-0.02681302,-0.03147124,-0.03147124
2014-02,0.05326328,0.05066597,0.04449373,0.04260314,0.05557138,0.05123668,0.04020573,0.04019254,0.04019254
2014-03,0.00773982,0.00963444,0.01083991,0.01418650,-0.00102840,0.00316588,-0.00733593,0.00415917,0.00415917
2014-04,0.00390302,0.00550363,0.00722033,0.00952555,-0.00981685,-0.01079423,-0.00882021,-0.00984219,-0.00984219
2014-05,0.02165942,0.02058488,0.02345168,0.02020229,0.03660397,0.03201262,0.04437255,0.03947902,0.03947902
2014-06,0.02796999,0.02506220,0.02026963,0.01803086,0.02313430,0.01770381,0.01844746,0.01364699,0.01364699
2014-07,-0.02241677,-0.02369235,-0.01341473,-0.01620604,-0.01395362,-0.01424278,0.00083343,-0.00471103,-0.00471103
2014-08,0.04244494,0.04064312,0.03997399,0.03788432,0.04437378,0.04113523,0.04423938,0.04047053,0.04047053
2014-09,-0.02571395,-0.02235877,-0.01405707,-0.01277505,-0.01619737,-0.01246392,-0.00317870,-0.00279328,-0.00279328
2014-10,0.02965808,0.03240890,0.02437226,0.02482616,0.00162110,0.00561807,0.01088267,0.01319969,0.00929545
2014-11,0.02591559,0.02685102,0.02736157,0.02718883,0.02409245,0.02288180,0.03159267,0.02899496,0.02356328
2014-12,0.00406708,0.00550581,-0.00227206,-0.00130602,-0.01182018,-0.00940135,-0.02065684,-0.01843431,-0.01435824
2015-01,-0.02560518,-0.02405894,-0.02964257,-0.03061078,-0.01148611,-0.01268675,-0.01321310,-0.01461794,-0.02007768
2015-02,0.05567185,0.05089207,0.05723145,0.05361902,0.06586171,0.06643267,0.06873984,0.06965605,0.06721005
2015-03,-0.00799988,-0.00726699,-0.01588008,-0.01635095,-0.01710903,-0.01495380,-0.02290896,-0.02381849,-0.02320554
2015-04,0.00573729,-0.00027914,0.01102745,0.00794961,-0.03758438,-0.03650926,-0.02460833,-0.02531072,-0.03102488
2015-05,0.00598865,0.00943328,0.01207884,0.01193150,0.02898338,0.02413566,0.03640238,0.03225214,0.02976116
2015-06,-0.02233050,-0.02150093,-0.01997231,-0.02054748,-0.03448027,-0.03559789,-0.03344525,-0.03328878,-0.03251873
2015-07,0.00678287,0.01494020,0.01892496,0.02096686,0.04493511,0.04835274,0.02388384,0.02876931,0.04067211
2015-08,-0.05283473,-0.05208126,-0.06059915,-0.05980316,-0.05014252,-0.04843613,-0.05183934,-0.05058274,-0.04775622
2015-09,-0.03274071,-0.02469293,-0.02464536,-0.01998036,0.00809911,0.01292466,-0.00218234,0.00088421,0.00491177
2015-10,0.07301696,0.07102874,0.08325128,0.07976202,0.06246150,0.06492187,0.08248820,0.07928295,0.07928295
2015-11,0.00264952,0.00436335,0.00329493,0.00292142,0.00814212,0.00569698,0.00898755,0.00410786,0.00410786
2015-12,-0.02674815,-0.02179810,-0.01680912,-0.01366462,0.00035896,0.00024380,0.00355925,0.00234961,0.00234961
2016-01,-0.05751209,-0.05079835,-0.05094240,-0.04376655,-0.05588835,-0.04611566,-0.06250690,-0.05159158,-0.05159158
2016-02,0.01249542,0.01199196,-0.00124576,-0.00007116,0.00606661,0.00814877,-0.00866491,-0.00588422,-0.00588422
2016-03,0.07757263,0.07434745,0.06740021,0.06556735,0.05401195,0.05229671,0.04655963,0.04449230,0.04449230
2016-04,0.01417994,0.00811509,0.00377803,0.00297138,-0.01563495,-0.01458962,-0.01221202,-0.01396788,-0.01363188
2016-05,0.01252274,0.01494038,0.01787558,0.01649609,0.03252914,0.02832656,0.03497972,0.02810241,0.02794576
2016-06,-0.00151971,0.00309914,0.00244215,0.00868930,0.01292416,0.01965534,-0.00185649,0.00636811,0.00652858
2016-07,0.04167133,0.03695064,0.03682159,0.03163960,0.02495371,0.01901415,0.04347450,0.03546087,0.03518809
2016-08,0.00085664,-0.00058916,0.00078422,-0.00134023,-0.00257283,-0.00487990,0.00392254,-0.00003809,-0.00011954
2016-09,0.00162704,-0.00186492,-0.00047131,-0.00354302,0.00105626,-0.00348686,0.00805891,0.00218902,0.00218800
2016-10,-0.02369266,-0.02288096,-0.01743420,-0.01823910,-0.02513221,-0.02425701,-0.02483090,-0.02486942,-0.02505542
2016-11,0.05202956,0.04297401,0.03630744,0.02995528,0.00444251,-0.00017131,-0.00372055,-0.00453417,-0.00547840
2016-12,0.01086147,0.01388166,0.01955382,0.02193299,0.02876287,0.02778919,0.03320280,0.03492781,0.03442719
2017-01,0.02024382,0.01875464,0.01851312,0.01618463,0.02558833,0.02078280,0.02716752,0.01897032,0.01895257
2017-02,0.03111963,0.03562555,0.03998632,0.04136621,0.02628156,0.03289292,0.03018498,0.03584907,0.03633099
2017-03,-0.00154743,-0.00171138,0.00073626,0.00037907,0.01164569,0.00765010,0.01650687,0.01117712,0.01092109
2017-04,0.00653296,0.00881144,0.01034558,0.01080205,0.00354275,0.00878089,0.00490773,0.00831470,0.00831470
2017-05,0.00568374,0.01048291,0.01389401,0.01600478,0.02464449,0.02154239,0.02977530,0.02010865,0.02010865
2017-06,0.01153927,0.00944628,0.00638107,0.00380321,0.01138037,0.01147728,0.01825307,0.01862060,0.01862060
2017-07,0.01576301,0.01436198,0.02031126,0.01854057,0.03940223,0.03092648,0.03701377,0.03048993,0.03048993
2017-08,-0.00953089,-0.00477789,0.00156096,0.00337710,0.00046550,0.00138510,0.00447522,0.00498039,0.00498039
2017-09,0.02885179,0.02377822,0.02093256,0.01723527,0.05627036,0.05314217,0.04785433,0.04270268,0.04270268
2017-10,0.00987050,0.01398143,0.02392713,0.02567349,0.04935434,0.04517776,0.06359559,0.06097832,0.05888679
2017-11,0.03874932,0.03834956,0.03141265,0.03157988,0.02073971,0.02435753,0.01803719,0.02181331,0.02190542
2017-12,0.01298611,0.00847790,0.01069779,0.00931648,0.00367104,0.00413122,0.00372084,0.00458511,0.00578230
2018-01,0.04502833,0.04283837,0.05751913,0.05420317,0.08292478,0.07359358,0.08816055,0.07629723,0.08143559
2018-02,-0.04213979,-0.04133779,-0.03707698,-0.03796428,-0.01772025,-0.02015150,-0.00340966,-0.00348973,-0.00736271
2018-03,-0.01027645,-0.00932786,-0.02527930,-0.02478509,-0.01930588,-0.01907127,-0.03925865,-0.04019282,-0.03915370
2018-04,0.00411004,0.00267356,0.00375900,0.00303489,-0.00002480,-0.00234592,0.01393527,0.01162469,0.01127859
2018-05,0.01507445,0.01122823,0.02395388,0.02141730,0.03525976,0.02751355,0.03971594,0.03428997,0.03425712
2018-06,0.01311032,0.01046447,0.00682068,0.00714013,-0.00067409,-0.00211401,0.00423790,0.00348891,0.00327960
2018-07,0.03206144,0.03448234,0.03819388,0.04038517,0.03496912,0.03741222,0.03994189,0.04414565,0.04413723
2018-08,0.01920521,0.01802024,0.03299614,0.03055844,0.03149873,0.02771486,0.04930360,0.04350496,0.04301565
2018-09,0.00466946,0.00360716,0.00604772,0.00767146,0.01140791,0.01140224,0.01159035,0.01224561,0.01234766
2018-10,-0.07073891,-0.06427292,-0.06717884,-0.06032899,-0.10729184,-0.09930843,-0.11557692,-0.10844508,-0.09758637
2018-11,0.02807179,0.03130652,0.01946764,0.02296470,-0.00013087,0.00539758,0.02539115,0.02782973,0.02320341
2018-12,-0.09941102,-0.09402835,-0.09121361,-0.08923858,-0.09124310,-0.08775548,-0.08995535,-0.08760747,-0.08472596
2019-01,0.09586327,0.09132230,0.08229513,0.07709828,0.09214932,0.08797830,0.09833293,0.09186958,0.08911257
2019-02,0.03600580,0.03662831,0.03187714,0.03234514,0.03629503,0.04283260,0.02909028,0.03198757,0.03974243
2019-03,0.01057783,0.01297669,0.01968544,0.02067534,0.00261809,0.00559409,0.02785732,0.02818362,0.01966090
2019-04,0.03668618,0.03454724,0.04023578,0.03762154,0.00819923,0.00366154,0.00345138,-0.00067273,-0.00067273
2019-05,-0.06913808,-0.05937706,-0.06397809,-0.05692440,-0.03292071,-0.02308251,-0.02345819,-0.01678173,-0.01678173
2019-06,0.07398315,0.06880119,0.06905422,0.06611481,0.05237776,0.04560702,0.04704896,0.04347987,0.04347987
2019-07,0.00927664,0.01040723,0.01463719,0.01452310,0.00956649,0.01121177,0.01326807,0.01190945,0.01190945
2019-08,-0.02986331,-0.02084305,-0.01739456,-0.01225142,-0.00064296,0.01444504,-0.00133167,0.00568704,0.00568704
2019-09,0.03117012,0.02917820,0.02030162,0.01996927,-0.00111302,0.00184773,-0.00866952,-0.00554390,-0.00554390
2019-10,0.01307662,0.01016902,0.02161439,0.01707537,-0.00186614,-0.00322775,0.00026209,-0.00196695,-0.00285398
2019-11,0.03455975,0.02993047,0.03604793,0.03185356,0.01479796,0.01011287,0.02295612,0.01914577,0.01803104
2019-12,0.02786163,0.02461931,0.02931541,0.02744550,0.01168571,0.01275116,0.02094342,0.02117398,0.02058204
2020-01,-0.02046431,-0.01342930,0.00074876,0.00123200,0.02801687,0.03293918,0.02894176,0.02950810,0.02804132
2020-02,-0.08966286,-0.08993131,-0.08169187,-0.08410715,-0.07446057,-0.07656572,-0.07514510,-0.07683452,-0.07779469
2020-03,-0.18078764,-0.17199760,-0.12043259,-0.12039915,-0.11511080,-0.11562928,-0.08461345,-0.08485385,-0.08671451
2020-04,0.14762054,0.13173367,0.13167951,0.12474328,0.12016178,0.10756904,0.12778697,0.12114191,0.11032919
2020-05,0.04662717,0.04642323,0.04735935,0.04417013,0.07263000,0.06776824,0.06099126,0.05801803,0.05869991
2020-06,0.01460127,0.00900560,0.02015104,0.01510129,0.01542516,0.00785663,0.06418609,0.05525221,0.02187652
2020-07,0.04580873,0.04653486,0.05319846,0.05288503,0.08048931,0.07652349,0.08814241,0.07998823,0.07349462
2020-08,0.04701895,0.04210943,0.07198515,0.06778389,0.04349709,0.03650534,0.11473666,0.10479810,0.07274676
2020-09,-0.02844998,-0.02363819,-0.03930910,-0.03617924,-0.01904919,-0.01664486,-0.05704431,-0.05272083,-0.03313855
2020-10,-0.00599220,-0.00880264,-0.02693467,-0.02737854,-0.03170060,-0.02854656,-0.04536771,-0.04341956,-0.03881559
2020-11,0.14905921,0.12981851,0.10989178,0.10039197,0.07306400,0.06669198,0.07638205,0.07306791,0.07289886
2020-12,0.04311481,0.03815831,0.03850886,0.03547684,0.03873292,0.03666662,0.05378577,0.05314298,0.03562430
2021-01,-0.00587681,-0.00814433,-0.01244681,-0.01294429,-0.00178772,-0.00187133,-0.00204585,-0.00198415,-0.00234851
2021-02,0.07619281,0.05685197,0.03015984,0.02001668,-0.00379528,-0.01009503,-0.02830641,-0.03117894,-0.01337313
2021-03,0.05368775,0.05648047,0.04475721,0.04473645,0.03105620,0.03258514,0.01171562,0.01304196,0.01835132
2021-04,0.04767262,0.04752742,0.05451900,0.05519470,0.02834272,0.03357238,0.06065201,0.06286175,0.05534648
2021-05,0.01869985,0.01660137,0.00521216,0.00446453,-0.00324950,0.00262449,-0.04523272,-0.03363602,-0.00952634
2021-06,-0.00017500,0.00173291,0.02512453,0.02502718,0.06369499,0.05401963,0.08254086,0.07803981,0.07310216
2021-07,0.01239277,0.01871108,0.02327039,0.02674103,0.03239371,0.03420712,0.01967683,0.02115553,0.02096886
2021-08,0.02292975,0.02269762,0.03060885,0.03018277,0.03277243,0.03561159,0.05169536,0.04883163,0.04609383
2021-09,-0.03947053,-0.04426160,-0.04659648,-0.05012961,-0.05637162,-0.05896754,-0.02861542,-0.04196416,-0.05389156
2021-10,0.05250328,0.05203607,0.06984433,0.06525665,0.07036203,0.06836774,0.06895466,0.07685675,0.07364040
2021-11,-0.02451964,-0.02234733,-0.00644253,-0.00996985,-0.02309011,-0.02394143,-0.02571501,-0.02868186,-0.02753710
2021-12,0.06285493,0.06974230,0.04419935,0.05326801,0.02586229,0.04035667,0.00853453,0.02480491,0.02548460
2022-01,-0.04350950,-0.04610043,-0.05255955,-0.04951839,-0.08250107,-0.08025944,-0.07532982,-0.06610297,-0.06633365
2022-02,-0.00900036,-0.01418405,-0.03010167,-0.02959070,0.00573458,-0.00808533,-0.01474893,-0.01946076,-0.02094945
2022-03,0.02947527,0.03215613,0.03755372,0.03670280,0.00558077,0.00597126,0.01305619,0.01652629,0.01490627
2022-04,-0.06314634,-0.05549826,-0.08738119,-0.07548796,-0.05873471,-0.05589830,-0.09343855,-0.07705027,-0.07705027
2022-05,0.00964581,0.00735026,0.00165741,-0.00043149,0.03311191,0.01433642,0.02884306,0.01510779,0.01510779
2022-06,-0.09301979,-0.08155692,-0.08209762,-0.07247585,-0.11800797,-0.09422250,-0.09789750,-0.07993192,-0.07993192
2022-07,0.08311175,0.07533888,0.09218066,0.08097849,0.08601454,0.08012585,0.08481398,0.07536345,0.07536345
2022-08,-0.03396129,-0.03259359,-0.04057026,-0.03895313,-0.00093001,-0.00957479,-0.02681701,-0.02807401,-0.02807401
2022-09,-0.09174653,-0.09000616,-0.09266199,-0.08950313,-0.08616168,-0.08123053,-0.08757800,-0.08168960,-0.08168960
2022-10,0.09694352,0.09303850,0.07989413,0.08510923,0.15478490,0.13327270,0.16593835,0.15115972,0.14848631
2022-11,0.06936309,0.06746081,0.05567933,0.05632344,0.02207757,0.02845089,0.02025786,0.02532226,0.02563458
2022-12,-0.04765808,-0.04220732,-0.05910891,-0.05093232,-0.05647626,-0.04712398,-0.03880789,-0.03309573,-0.03368307
2023-01,0.07338139,0.05999333,0.06604792,0.04946541,0.02129744,0.01364191,0.00439906,-0.00341299,-0.00481172
2023-02,-0.03464993,-0.03476028,-0.02435584,-0.02764124,-0.04709874,-0.04255998,-0.05387831,-0.04827902,-0.04835982
2023-03,-0.00506618,-0.00265128,0.03842843,0.03443477,-0.00224997,0.00524358,0.00996485,0.01397549,0.01441224
2023-04,0.00165871,0.00670571,0.01407456,0.01893693,0.00347356,0.01255589,0.02632387,0.03228076,0.03038863
2023-05,-0.03872754,-0.04212821,0.00084153,-0.01233923,-0.05528830,-0.05434999,-0.05980499,-0.05524472,-0.05212328
2023-06,0.07911641,0.07262947,0.06758100,0.06210028,0.07668940,0.07356105,0.06521728,0.06178724,0.06225996
2023-07,0.03369890,0.03015352,0.03273554,0.02869562,0.03020265,0.02004504,0.02125086,0.01159286,0.01204140
2023-08,-0.03103396,-0.02817431,-0.01677230,-0.01629662,-0.00504372,-0.00498485,0.02339948,0.02594850,0.02520490
2023-09,-0.04942222,-0.04620860,-0.04665871,-0.04343343,-0.01851296,-0.01676030,-0.00095430,-0.00274405,-0.00507282
2023-10,-0.04071411,-0.03258383,-0.02063863,-0.01619284,-0.03997109,-0.03157231,-0.03038780,-0.02316646,-0.01670570
2023-11,0.09101348,0.08439675,0.09159831,0.08282991,0.11904714,0.10965935,0.11500352,0.10292055,0.09600007
2023-12,0.06850251,0.06036286,0.04506154,0.03993760,0.08186685,0.07083800,0.06538321,0.05902404,0.05896293
2024-01,-0.00732343,-0.00355568,0.01607630,0.01593221,0.01247333,0.01522413,0.11170089,0.08719795,0.06136897
2024-02,0.03975276,0.03725385,0.05251986,0.04282024,0.07770483,0.07287652,0.17321170,0.13997818,0.11121239
2024-03,0.04594019,0.04397336,0.03258845,0.03071192,0.05798473,0.05539128,0.08017185,0.07068124,0.05491761
2024-04,-0.04951881,-0.04628864,-0.04024352,-0.03847092,-0.05444338,-0.04948713,-0.05060935,-0.04725627,-0.04376740
2024-05,0.02744259,0.02735434,0.04830030,0.04403695,0.04430316,0.03889979,0.11047732,0.09076383,0.06869411
2024-06,-0.00322127,-0.00284814,0.03784415,0.03110119,0.04189018,0.03419914,0.09234382,0.08310517,0.07663235
2024-07,0.04503664,0.04589232,0.01410523,0.02115550,0.00484927,0.01320393,-0.03760886,-0.02865584,-0.02108447
2024-08,0.02600436,0.03119611,0.02450586,0.03046744,0.03331427,0.03553357,0.02915776,0.03006373,0.03353310
2024-09,0.02183183,0.02021287,0.02261410,0.01849016,0.03035008,0.02631076,0.02742299,0.02416074,0.02314455
2024-10,-0.01658742,-0.01474601,-0.00920447,-0.01145281,0.00779153,0.00763345,0.03478929,0.02122779,0.00400498
2024-11,0.06356285,0.06256535,0.05810227,0.05741578,0.09371955,0.09044139,0.05305120,0.06211748,0.06712067
2024-12,-0.06162821,-0.06291147,-0.02470850,-0.03168305,-0.06919848,-0.07170667,-0.01204228,-0.02357581,-0.02300953
2025-01,0.03646900,0.03514547,0.02850650,0.03195619,0.05981898,0.05671732,-0.01243762,0.01653685,0.04715255
2025-02,-0.00890352,0.00110527,-0.01205395,-0.00038927,-0.02674326,-0.00962107,0.00684644,0.01098383,0.00576891
2025-03,-0.03578955,-0.02755959,-0.05647397,-0.04526416,-0.04986265,-0.03626511,-0.09756550,-0.07806036,-0.06558407
2025-04,-0.02356557,-0.02490619,-0.00505620,-0.01031210,0.02461657,0.00164455,0.03580016,0.02173506,0.02329889
2025-05,0.04395207,0.03561040,0.06611336,0.04940845,0.10065086,0.07834064,0.13914411,0.10778064,0.10235271
2025-06,0.03468010,0.02584429,0.05231729,0.03850505,0.05882921,0.05005286,0.07494245,0.06463307,0.05973387
2025-07,0.01134169,0.00793546,0.02385230,0.01643712,0.03519968,0.02340102,0.05357973,0.03563154,0.03032403
2025-08,0.02692877,0.02732971,0.01991182,0.02361850,0.00573460,0.01303514,0.00253446,0.00720399,0.00945536
2025-09,0.01247687,0.00772617,0.03858714,0.02647434,0.03504915,0.02375192,0.06797424,0.04616014,0.04648144
2025-10,-0.01131675,-0.01832919,0.02079920,0.00998653,0.00183910,-0.00737847,0.00901110,-0.00556976,-0.00759431
2025-11,0.02018010,0.02491045,0.00317133,0.01194676,-0.01688314,0.00016596,-0.03097557,-0.01684866,-0.01061744
2025-12,0.00503067,0.00050195,0.00090373,-0.00155720,0.01256202,0.00655867,-0.00637340,-0.00500033,-0.00619228
