month,RV,SPMO proxy,forecast HAR,w HAR,HAR,forecast Ridge,w Ridge,Ridge,"forecast GARCH(1,1)","w GARCH(1,1)","GARCH(1,1)",forecast EWMA (0.97),w EWMA (0.97),EWMA (0.97)
2000-04,0.620124,-0.062848,0.290820,0.515782,-0.030188,0.289578,0.517995,-0.030338,0.311211,0.481987,-0.027909,0.301221,0.497973,-0.028987
2000-05,0.475810,-0.092770,0.438387,0.342164,-0.028453,0.399553,0.375419,-0.031705,0.566445,0.264810,-0.020891,0.469010,0.319823,-0.026269
2000-06,0.330966,0.092265,0.418092,0.358772,0.035667,0.406556,0.368953,0.036565,0.526538,0.284879,0.029145,0.478946,0.313188,0.031643
2000-07,0.324867,0.006996,0.352246,0.425839,0.005735,0.361774,0.414624,0.005711,0.330907,0.453300,0.005796,0.407177,0.368390,0.005609
2000-08,0.194759,0.124588,0.345077,0.434685,0.056983,0.334345,0.448638,0.058652,0.358912,0.417930,0.054979,0.374738,0.400280,0.052869
2000-09,0.298119,-0.115272,0.259639,0.577726,-0.064442,0.236513,0.634215,-0.071242,0.210348,0.713106,-0.080738,0.296323,0.506205,-0.055833
2000-10,0.543708,-0.074806,0.321597,0.466422,-0.031903,0.284725,0.526824,-0.036760,0.321644,0.466354,-0.031898,0.299444,0.500928,-0.034678
2000-11,0.462490,-0.178364,0.460260,0.325903,-0.054691,0.390559,0.384065,-0.065362,0.578050,0.259493,-0.042508,0.446491,0.335953,-0.056535
2000-12,0.581826,-0.056854,0.433611,0.345932,-0.016397,0.413910,0.362398,-0.017416,0.478887,0.313226,-0.014374,0.454176,0.330268,-0.015428
2001-01,0.674028,0.065492,0.514078,0.291785,0.022934,0.517172,0.290039,0.022829,0.521917,0.287402,0.022671,0.506642,0.296067,0.023191
2001-02,0.475936,-0.258829,0.590325,0.254097,-0.062933,0.610139,0.245846,-0.060766,0.474513,0.316114,-0.079221,0.555961,0.269803,-0.067058
2001-03,0.559113,-0.144556,0.495838,0.302518,-0.040801,0.489470,0.306454,-0.041387,0.493399,0.304014,-0.041024,0.523620,0.286467,-0.038414
2001-04,0.187565,0.044990,0.559444,0.268123,0.014917,0.386634,0.387964,0.019841,0.548919,0.273264,0.015128,0.539500,0.278035,0.015325
2001-05,0.122836,0.011218,0.299533,0.500780,0.007215,0.175994,0.852304,0.010034,0.255208,0.587757,0.007913,0.416160,0.360438,0.006090
2001-06,0.090862,-0.041573,0.185480,0.808711,-0.033085,0.130130,1.152697,-0.048349,0.151692,0.988843,-0.041078,0.308899,0.485596,-0.018747
2001-07,0.117783,-0.014397,0.166524,0.900768,-0.012671,0.099604,1.505968,-0.023199,0.139940,1.071886,-0.015648,0.233182,0.643274,-0.008191
2001-08,0.090133,-0.027107,0.195959,0.765465,-0.020022,0.143031,1.048724,-0.028578,0.162616,0.922418,-0.024763,0.189203,0.792801,-0.020848
2001-09,0.242903,-0.053875,0.123073,1.218787,-0.066275,0.121897,1.230543,-0.066942,0.128602,1.166386,-0.063305,0.146948,1.020768,-0.055052
2001-10,0.146324,-0.023679,0.311387,0.481716,-0.010266,0.352980,0.424953,-0.008797,0.256383,0.585061,-0.012941,0.189286,0.792450,-0.018308
2001-11,0.123025,0.056155,0.185498,0.808633,0.045734,0.185967,0.806594,0.045623,0.181799,0.825086,0.046630,0.168531,0.890044,0.050168
2001-12,0.084418,0.032116,0.157593,0.951820,0.030641,0.155145,0.966839,0.031101,0.148051,1.013167,0.032519,0.146924,1.020937,0.032757
2002-01,0.113564,0.015117,0.114132,1.314272,0.019428,0.132522,1.131886,0.016927,0.120622,1.243554,0.018458,0.121710,1.232433,0.018306
2002-02,0.128202,0.006520,0.143115,1.048111,0.006772,0.131061,1.144507,0.007275,0.168348,0.891013,0.005951,0.121328,1.236320,0.007754
2002-03,0.115169,0.039716,0.155734,0.963184,0.038302,0.133764,1.121374,0.044379,0.151220,0.991935,0.039406,0.123410,1.215459,0.047993
2002-04,0.110474,0.011457,0.141570,1.059550,0.012050,0.101481,1.478106,0.016218,0.146036,1.027141,0.011727,0.119163,1.258782,0.014034
2002-05,0.104001,0.002232,0.135753,1.104947,0.002319,0.115308,1.300864,0.002482,0.143883,1.042516,0.002267,0.115011,1.304224,0.002485
2002-06,0.168736,-0.069859,0.128084,1.171108,-0.082035,0.101564,1.476908,-0.103796,0.131271,1.142675,-0.080012,0.108796,1.378729,-0.096810
2002-07,0.387849,-0.054581,0.187144,0.801521,-0.043450,0.144057,1.041253,-0.056894,0.182231,0.823129,-0.044662,0.137990,1.087035,-0.059462
2002-08,0.239003,0.018245,0.364586,0.411425,0.008330,0.326512,0.459402,0.009139,0.420383,0.356817,0.007411,0.297179,0.504746,0.009902
2002-09,0.215578,-0.055700,0.246714,0.607992,-0.033316,0.238102,0.629983,-0.034572,0.225849,0.664162,-0.036524,0.265158,0.565700,-0.030902
2002-10,0.226306,0.009194,0.227264,0.660025,0.006544,0.222881,0.673003,0.006645,0.248302,0.604103,0.006108,0.244746,0.612880,0.006177
2002-11,0.161278,-0.031363,0.237164,0.632474,-0.019395,0.192374,0.779732,-0.024191,0.220197,0.681207,-0.020982,0.232073,0.646349,-0.019847
2002-12,0.113258,0.004313,0.183334,0.818179,0.003729,0.173155,0.866278,0.003883,0.193845,0.773812,0.003586,0.203003,0.738904,0.003474
2003-01,0.173826,-0.024598,0.139328,1.076596,-0.026558,0.163386,0.918070,-0.022500,0.143153,1.047831,-0.025822,0.166001,0.903608,-0.022130
2003-02,0.133113,-0.018418,0.194787,0.770071,-0.013976,0.188487,0.795809,-0.014473,0.204842,0.732272,-0.013246,0.170324,0.880675,-0.016113
2003-03,0.200942,0.011827,0.158873,0.944150,0.011223,0.164049,0.914359,0.010900,0.170030,0.882200,0.010552,0.156054,0.961206,0.011407
2003-04,0.142291,0.047398,0.215784,0.695141,0.033253,0.202445,0.740944,0.035379,0.204612,0.733094,0.035014,0.177971,0.842833,0.040106
2003-05,0.128538,0.053208,0.167024,0.898073,0.047877,0.146744,1.022188,0.054369,0.165971,0.903774,0.048175,0.161560,0.928445,0.049465
2003-06,0.137109,0.020046,0.154543,0.970604,0.019486,0.144081,1.041084,0.020828,0.170761,0.878421,0.017730,0.148785,1.008164,0.020201
2003-07,0.116279,0.009747,0.161445,0.929111,0.009106,0.156168,0.960501,0.009390,0.154978,0.967881,0.009456,0.142161,1.055144,0.010246
2003-08,0.092930,0.002139,0.142114,1.055489,0.002219,0.147727,1.015385,0.002161,0.143508,1.045241,0.002204,0.129727,1.156274,0.002364
2003-09,0.097297,0.013805,0.119294,1.257393,0.017153,0.136384,1.099837,0.015104,0.126774,1.183207,0.016188,0.113010,1.327313,0.018062
2003-10,0.139430,0.063691,0.122257,1.226924,0.077985,0.173212,0.865993,0.055250,0.127976,1.172095,0.074531,0.105505,1.421738,0.090257
2003-11,0.163863,0.013187,0.160351,0.935449,0.012381,0.166834,0.899096,0.011927,0.151276,0.991564,0.013082,0.121348,1.236116,0.016135
2003-12,0.133418,0.051319,0.181391,0.826945,0.042576,0.185560,0.808364,0.041638,0.180527,0.830899,0.042776,0.142266,1.054366,0.054065
2004-01,0.132695,0.030422,0.155089,0.967187,0.029446,0.156904,0.956002,0.029114,0.149304,1.004661,0.030560,0.136530,1.098656,0.033354
2004-02,0.132029,0.006065,0.153872,0.974839,0.005927,0.163859,0.915423,0.005602,0.162847,0.921109,0.005633,0.135520,1.106845,0.006648
2004-03,0.172104,0.005935,0.152596,0.982987,0.005849,0.158126,0.948613,0.005676,0.144054,1.041278,0.006142,0.131876,1.137429,0.006626
2004-04,0.186800,-0.047863,0.186242,0.805404,-0.038393,0.195977,0.765397,-0.036447,0.185736,0.807597,-0.038500,0.154149,0.973085,-0.046553
2004-05,0.151001,0.041401,0.198388,0.756096,0.031450,0.195677,0.766571,0.031877,0.218560,0.686310,0.028602,0.173117,0.866466,0.035953
2004-06,0.158451,0.025662,0.168980,0.887679,0.022869,0.177582,0.844681,0.021800,0.170708,0.878696,0.022646,0.162930,0.920638,0.023689
2004-07,0.170941,-0.066554,0.174821,0.858022,-0.056962,0.177307,0.845990,-0.056150,0.160019,0.937388,-0.062324,0.158300,0.947570,-0.063012
2004-08,0.184242,-0.028185,0.184760,0.811866,-0.022675,0.192146,0.780658,-0.021761,0.187609,0.799534,-0.022314,0.164958,0.909321,-0.025529
2004-09,0.140939,0.049416,0.195575,0.766967,0.038156,0.194641,0.770650,0.038334,0.173778,0.863173,0.042805,0.170385,0.880359,0.043635
2004-10,0.109759,0.010611,0.160224,0.936188,0.010004,0.144508,1.038007,0.010973,0.155873,0.962322,0.010253,0.155952,0.961835,0.010248
2004-11,0.112997,0.060844,0.132309,1.133712,0.068779,0.129364,1.159523,0.070310,0.135716,1.105247,0.067089,0.135064,1.110588,0.067406
2004-12,0.098959,0.018542,0.134491,1.115315,0.020496,0.124343,1.206336,0.022038,0.130504,1.149394,0.021073,0.123771,1.211911,0.022132
2005-01,0.123979,-0.008913,0.121025,1.239412,-0.011430,0.115611,1.297457,-0.012040,0.123348,1.216073,-0.011185,0.111134,1.349720,-0.012590
2005-02,0.145149,0.061776,0.143263,1.047029,0.064606,0.137138,1.093786,0.067420,0.141895,1.057118,0.065213,0.116034,1.292724,0.079391
2005-03,0.120319,-0.011924,0.161287,0.930017,-0.010942,0.139493,1.075326,-0.012980,0.179044,0.837783,-0.009649,0.132892,1.128740,-0.013729
2005-04,0.186990,-0.037408,0.139541,1.074955,-0.040369,0.141867,1.057332,-0.039673,0.157149,0.954506,-0.035610,0.128222,1.169845,-0.044118
2005-05,0.136065,0.027128,0.194327,0.771894,0.021487,0.174701,0.858612,0.023631,0.204215,0.734519,0.020563,0.161304,0.929922,0.025395
2005-06,0.098280,0.019133,0.153288,0.978549,0.018772,0.147955,1.013820,0.019366,0.151302,0.991397,0.018988,0.148454,1.010412,0.019308
2005-07,0.126936,0.046642,0.119846,1.251602,0.057774,0.137954,1.087316,0.050505,0.132166,1.134934,0.052612,0.126368,1.187006,0.054916
2005-08,0.104463,0.016537,0.143974,1.041858,0.017104,0.138071,1.086398,0.017707,0.148034,1.013279,0.016717,0.126341,1.187267,0.019073
2005-09,0.114180,0.043068,0.123738,1.212237,0.051593,0.134209,1.117656,0.047794,0.141239,1.062031,0.045560,0.117035,1.281667,0.054382
2005-10,0.248748,-0.031679,0.131778,1.138275,-0.036433,0.133357,1.124801,-0.035970,0.126874,1.182278,-0.037946,0.113212,1.324947,-0.042850
2005-11,0.107533,0.031704,0.237392,0.631867,0.021174,0.192630,0.778693,0.025374,0.252274,0.594591,0.020108,0.191891,0.781696,0.025460
2005-12,0.099008,0.014434,0.131497,1.140712,0.016015,0.147276,1.018496,0.014642,0.153920,0.974534,0.014148,0.158268,0.947760,0.013847
2006-01,0.115430,0.049405,0.122659,1.222899,0.059637,0.147455,1.017260,0.050198,0.127011,1.180996,0.057714,0.132096,1.135541,0.055627
2006-02,0.109572,-0.013746,0.133736,1.121611,-0.015831,0.135041,1.110773,-0.015645,0.130099,1.152971,-0.016369,0.122665,1.222847,-0.017567
2006-03,0.111062,0.005109,0.128449,1.167776,0.005346,0.132906,1.128616,0.005290,0.135174,1.109677,0.005264,0.116496,1.287598,0.005514
2006-04,0.141044,0.014727,0.129497,1.158331,0.016489,0.143334,1.046508,0.015245,0.136718,1.097147,0.015808,0.113349,1.323347,0.018325
2006-05,0.183858,-0.039938,0.153040,0.980138,-0.039059,0.148627,1.009237,-0.040347,0.152507,0.983561,-0.039211,0.125351,1.196636,-0.048637
2006-06,0.255196,0.001257,0.186510,0.804248,0.001794,0.173472,0.864695,0.001628,0.209114,0.717312,0.002032,0.160326,0.935592,0.001434
2006-07,0.189610,-0.001921,0.240201,0.624478,0.000302,0.214073,0.700694,-0.000149,0.244905,0.612482,0.000374,0.211152,0.710389,-0.000206
2006-08,0.099846,0.009963,0.195065,0.768974,0.008632,0.194250,0.772202,0.008650,0.205152,0.731165,0.008414,0.202649,0.740197,0.008466
2006-09,0.129029,0.012433,0.122743,1.222063,0.014283,0.150330,0.997808,0.012415,0.128595,1.166454,0.013820,0.158406,0.946935,0.011991
2006-10,0.074210,0.035798,0.147016,1.020300,0.036441,0.123802,1.211613,0.042506,0.137169,1.093542,0.038763,0.143885,1.042501,0.037145
2006-11,0.092832,0.011309,0.097799,1.533752,0.015104,0.094262,1.591311,0.015513,0.113494,1.321656,0.013596,0.114864,1.305896,0.013484
2006-12,0.071074,0.013514,0.114301,1.312324,0.016485,0.103657,1.447076,0.017767,0.129828,1.155373,0.014992,0.105788,1.417935,0.017490
2007-01,0.088188,0.027813,0.093217,1.609152,0.042075,0.090291,1.661295,0.043296,0.113776,1.318380,0.035267,0.091621,1.637182,0.042732
2007-02,0.152119,-0.023786,0.108528,1.382137,-0.034328,0.092211,1.626703,-0.041075,0.125708,1.193245,-0.029117,0.091722,1.635377,-0.041314
2007-03,0.159485,0.021422,0.162248,0.924512,0.020129,0.136956,1.095240,0.023052,0.204384,0.733914,0.016866,0.130126,1.152727,0.024037
2007-04,0.080516,0.033405,0.168439,0.890533,0.030230,0.134591,1.114486,0.036726,0.159439,0.940797,0.031688,0.142106,1.055547,0.035017
2007-05,0.086509,0.026544,0.103524,1.448932,0.036620,0.100521,1.492227,0.037592,0.123188,1.217653,0.031429,0.117871,1.272579,0.032662
2007-06,0.135079,-0.032130,0.107411,1.396502,-0.046455,0.103283,1.452327,-0.048472,0.120074,1.249228,-0.041134,0.103552,1.448553,-0.048336
2007-07,0.163445,-0.040418,0.145400,1.031636,-0.041824,0.134822,1.112579,-0.045419,0.145720,1.029370,-0.041723,0.118317,1.267778,-0.052313
2007-08,0.234969,0.023023,0.167071,0.897821,0.021100,0.158339,0.947335,0.022032,0.190591,0.787027,0.019014,0.144775,1.036092,0.023702
2007-09,0.160368,0.034058,0.221005,0.678718,0.024144,0.186931,0.802437,0.027962,0.221534,0.677097,0.024094,0.193089,0.776843,0.027172
2007-10,0.148699,0.030876,0.168003,0.892844,0.027911,0.161380,0.929484,0.028925,0.167492,0.895564,0.027986,0.178042,0.842497,0.026517
2007-11,0.268919,-0.052215,0.159478,0.940570,-0.048910,0.165151,0.908257,-0.047113,0.168348,0.891009,-0.046154,0.165015,0.909011,-0.047155
2007-12,0.174504,0.012943,0.245529,0.610925,0.008958,0.241952,0.619957,0.009050,0.247334,0.606468,0.008912,0.219179,0.684372,0.009710
2008-01,0.254305,-0.095879,0.182491,0.821958,-0.078434,0.191158,0.784691,-0.074783,0.189500,0.791555,-0.075455,0.199921,0.750296,-0.071413
2008-02,0.207553,-0.016203,0.239170,0.627168,-0.009678,0.247631,0.605740,-0.009303,0.223082,0.672400,-0.010469,0.223673,0.670621,-0.010438
2008-03,0.264216,0.016016,0.207755,0.722003,0.012036,0.211006,0.710881,0.011877,0.213749,0.701758,0.011746,0.215866,0.694874,0.011647
2008-04,0.176659,0.073871,0.247212,0.606768,0.045530,0.247249,0.606676,0.045524,0.242421,0.618758,0.046395,0.238557,0.628781,0.047117
2008-05,0.147273,0.041412,0.187610,0.799533,0.033471,0.193026,0.777095,0.032582,0.185207,0.809906,0.033882,0.209649,0.715481,0.030142
2008-06,0.188416,-0.034076,0.165267,0.907620,-0.030771,0.183456,0.817635,-0.027552,0.158811,0.944518,-0.032091,0.181926,0.824511,-0.027798
2008-07,0.229991,-0.068807,0.193738,0.774242,-0.052935,0.221696,0.676602,-0.046070,0.185709,0.807714,-0.055288,0.183269,0.818469,-0.056044
2008-08,0.191819,0.001061,0.223294,0.671760,0.001140,0.206088,0.727846,0.001126,0.256634,0.584491,0.001161,0.212286,0.706595,0.001131
2008-09,0.532747,-0.121955,0.197978,0.757659,-0.092037,0.184620,0.812481,-0.098805,0.194533,0.771078,-0.093693,0.200458,0.748286,-0.090880
2008-10,0.774647,-0.135113,0.411013,0.364952,-0.048802,0.316012,0.474665,-0.063713,0.589478,0.254463,-0.033785,0.415643,0.360886,-0.048249
2008-11,0.590589,-0.060708,0.573856,0.261390,-0.015647,0.622520,0.240956,-0.014400,0.684684,0.219079,-0.013066,0.619678,0.242061,-0.014468
2008-12,0.401847,-0.000131,0.481646,0.311432,-0.000041,0.518013,0.289568,-0.000038,0.568034,0.264069,-0.000034,0.607893,0.246754,-0.000032
2009-01,0.301960,-0.037942,0.364680,0.411319,-0.015606,0.400524,0.374510,-0.014210,0.305132,0.491590,-0.018652,0.504133,0.297540,-0.011289
2009-02,0.302620,-0.074873,0.293373,0.511294,-0.038233,0.390519,0.384104,-0.028698,0.294877,0.508687,-0.038038,0.424009,0.353766,-0.026423
2009-03,0.359770,0.054619,0.293127,0.511724,0.028047,0.369706,0.405728,0.022279,0.306275,0.489755,0.026852,0.377017,0.397860,0.021851
2009-04,0.134776,-0.010392,0.333536,0.449726,-0.004618,0.259570,0.577879,-0.005963,0.318717,0.470637,-0.004838,0.364561,0.411454,-0.004217
2009-05,0.151711,0.037508,0.164454,0.912112,0.034211,0.165787,0.904773,0.033936,0.181010,0.828685,0.031082,0.281031,0.533748,0.020020
2009-06,0.142142,0.020374,0.176705,0.848871,0.017310,0.169519,0.884859,0.018039,0.184069,0.814911,0.016621,0.232899,0.644057,0.013157
2009-07,0.132193,0.041785,0.163568,0.917049,0.038328,0.155172,0.966671,0.040396,0.169740,0.883703,0.036938,0.195143,0.768666,0.032142
2009-08,0.099626,-0.000001,0.153721,0.975796,0.000002,0.131260,1.142768,-0.000015,0.134297,1.116926,-0.000013,0.163902,0.915179,0.000008
2009-09,0.087178,0.026195,0.122426,1.225230,0.032072,0.121158,1.238052,0.032407,0.130459,1.149787,0.030104,0.137028,1.094670,0.028665
2009-10,0.162609,-0.009421,0.108158,1.386854,-0.013066,0.129762,1.155966,-0.010891,0.121856,1.230958,-0.011597,0.115674,1.296748,-0.012217
2009-11,0.145618,0.070920,0.172513,0.869499,0.061665,0.179995,0.833355,0.059101,0.195178,0.768531,0.054504,0.143549,1.044939,0.074107
2009-12,0.113159,0.054271,0.160361,0.935391,0.050771,0.152286,0.984990,0.053458,0.162952,0.920517,0.049966,0.143727,1.043643,0.056636
2010-01,0.144935,-0.041328,0.135041,1.110771,-0.045906,0.151099,0.992726,-0.041027,0.138509,1.082965,-0.044757,0.128957,1.163183,-0.048072
2010-02,0.157098,0.048544,0.159140,0.942567,0.045756,0.189399,0.791980,0.038446,0.174691,0.858660,0.041683,0.138944,1.079575,0.052407
2010-03,0.103675,0.062892,0.168526,0.890071,0.055989,0.170116,0.881754,0.055467,0.154622,0.970110,0.061015,0.143880,1.042535,0.065563
2010-04,0.201296,0.022381,0.126810,1.182874,0.026456,0.150529,0.996486,0.022303,0.129946,1.154322,0.025820,0.123853,1.211115,0.027085
2010-05,0.391223,-0.082844,0.201307,0.745130,-0.061704,0.202809,0.739614,-0.061247,0.237938,0.630417,-0.052189,0.172041,0.871887,-0.072218
2010-06,0.287828,-0.074728,0.332914,0.450567,-0.033615,0.348810,0.430033,-0.032078,0.345218,0.434508,-0.032413,0.289335,0.518430,-0.038693
2010-07,0.237738,0.089991,0.274151,0.547144,0.049284,0.307225,0.488241,0.043989,0.293007,0.511934,0.046118,0.287830,0.521141,0.046946
2010-08,0.199508,-0.055098,0.241154,0.622009,-0.034233,0.220335,0.680780,-0.037477,0.223638,0.670726,-0.036922,0.263380,0.569520,-0.031336
2010-09,0.206284,0.120339,0.208914,0.717999,0.086431,0.246460,0.608619,0.073280,0.206238,0.727315,0.087551,0.233863,0.641403,0.077221
2010-10,0.118045,0.046920,0.211067,0.710675,0.033374,0.175000,0.857144,0.040232,0.184817,0.811616,0.038100,0.216398,0.693166,0.032554
2010-11,0.152044,0.015542,0.142373,1.053569,0.016370,0.144676,1.036801,0.016111,0.134644,1.114050,0.017304,0.175073,0.856785,0.013331
2010-12,0.092725,0.044778,0.167398,0.896070,0.040134,0.168801,0.888619,0.039802,0.165141,0.908314,0.040681,0.164670,0.910911,0.040797
2011-01,0.115738,0.013463,0.116693,1.285424,0.017277,0.116529,1.287236,0.017302,0.115579,1.297811,0.017443,0.131216,1.143150,0.015376
2011-02,0.129730,0.041255,0.135335,1.108363,0.045714,0.135842,1.104228,0.045544,0.155243,0.966226,0.039865,0.126522,1.185564,0.048891
2011-03,0.167266,0.012783,0.144915,1.035092,0.013228,0.132332,1.133515,0.014476,0.162939,0.920588,0.011776,0.129909,1.154656,0.014744
2011-04,0.107729,0.022103,0.175905,0.852732,0.018848,0.169516,0.884871,0.019559,0.158248,0.947880,0.020951,0.145769,1.029028,0.022745
2011-05,0.132431,-0.016296,0.130559,1.148902,-0.018722,0.135459,1.107349,-0.018045,0.141153,1.062678,-0.017317,0.130776,1.147004,-0.018691
2011-06,0.179745,-0.007648,0.150274,0.998178,-0.007634,0.158217,0.948066,-0.007251,0.151588,0.989522,-0.007568,0.131484,1.140819,-0.008725
2011-07,0.158531,-0.009904,0.185092,0.810406,-0.008027,0.183579,0.817089,-0.008093,0.184763,0.811852,-0.008041,0.156501,0.958460,-0.009493
2011-08,0.469125,-0.056495,0.172036,0.871912,-0.049246,0.176549,0.849622,-0.047985,0.176004,0.852253,-0.048134,0.157300,0.953590,-0.053869
2011-09,0.279784,-0.074863,0.378626,0.396169,-0.029658,0.368465,0.407094,-0.030476,0.356228,0.421079,-0.031523,0.337785,0.444069,-0.033244
2011-10,0.279766,0.102661,0.270383,0.554769,0.056953,0.303301,0.494558,0.050772,0.288395,0.520120,0.053396,0.312483,0.480026,0.049280
2011-11,0.286804,0.002041,0.272347,0.550769,0.001124,0.219511,0.683338,0.001395,0.274397,0.546653,0.001116,0.296734,0.505503,0.001032
2011-12,0.173045,0.004110,0.269117,0.557379,0.002291,0.271353,0.552785,0.002272,0.309717,0.484313,0.001990,0.295776,0.507141,0.002084
2012-01,0.089838,0.037744,0.191066,0.785068,0.029631,0.217952,0.688224,0.025976,0.197447,0.759699,0.028674,0.246031,0.609679,0.023012
2012-02,0.085972,0.057602,0.119979,1.250222,0.072015,0.140803,1.065316,0.061364,0.133120,1.126803,0.064906,0.191043,0.785165,0.045227
2012-03,0.105829,0.037757,0.110717,1.354809,0.051153,0.134260,1.117232,0.042183,0.119807,1.252009,0.047271,0.151733,0.988579,0.037325
2012-04,0.124539,0.012963,0.125070,1.199325,0.015547,0.090196,1.663044,0.021558,0.130518,1.149267,0.014898,0.130538,1.149093,0.014895
2012-05,0.108937,-0.034291,0.141119,1.062934,-0.036456,0.125463,1.195570,-0.041017,0.149917,1.000552,-0.034310,0.128457,1.167710,-0.040059
2012-06,0.160650,0.029913,0.128782,1.164758,0.034842,0.137529,1.090682,0.032626,0.138106,1.086124,0.032490,0.119272,1.257630,0.037620
2012-07,0.112553,0.017004,0.170507,0.879728,0.014959,0.141506,1.060023,0.018025,0.169877,0.882991,0.015015,0.139063,1.078647,0.018342
2012-08,0.071521,0.008903,0.133197,1.126153,0.010013,0.129570,1.157673,0.010291,0.154521,0.970741,0.008645,0.129615,1.157270,0.010287
2012-09,0.092321,0.018929,0.097778,1.534091,0.028986,0.101182,1.482483,0.028014,0.117146,1.280455,0.024210,0.103765,1.445577,0.027319
2012-10,0.099562,-0.021749,0.113943,1.316447,-0.028663,0.109991,1.363750,-0.029696,0.122299,1.226503,-0.026698,0.097802,1.533713,-0.033410
2012-11,0.133186,0.004897,0.119748,1.252630,0.006108,0.117870,1.272591,0.006204,0.131868,1.137500,0.005556,0.098902,1.516656,0.007375
2012-12,0.100442,-0.023171,0.150283,0.998117,-0.023127,0.134705,1.113543,-0.025814,0.146014,1.027302,-0.023807,0.115672,1.296768,-0.030077
2013-01,0.102386,0.033950,0.124109,1.208616,0.041032,0.119207,1.258318,0.042719,0.148655,1.009050,0.034257,0.111779,1.341931,0.045558
2013-02,0.095670,0.018187,0.125406,1.196117,0.021754,0.105866,1.416879,0.025769,0.118003,1.271153,0.023118,0.102857,1.458342,0.026523
2013-03,0.076705,0.047058,0.117869,1.272595,0.059886,0.110857,1.353092,0.063674,0.129768,1.155906,0.054395,0.099930,1.501054,0.070637
2013-04,0.145723,0.021424,0.100160,1.497600,0.032084,0.110347,1.359349,0.029122,0.119369,1.256603,0.026921,0.090517,1.657139,0.035502
2013-05,0.122083,0.013472,0.158142,0.948516,0.012778,0.147884,1.014310,0.013664,0.154230,0.972575,0.013102,0.120295,1.246933,0.016798
2013-06,0.174953,-0.009787,0.140894,1.064631,-0.010420,0.136391,1.099782,-0.010764,0.157163,0.954422,-0.009341,0.122410,1.225389,-0.011993
2013-07,0.078582,0.048986,0.183620,0.816903,0.040017,0.176507,0.849822,0.041629,0.181741,0.825352,0.040430,0.149177,1.005518,0.049256
2013-08,0.107921,-0.036301,0.105791,1.417893,-0.051471,0.107228,1.398892,-0.050781,0.115977,1.293362,-0.046951,0.118617,1.264570,-0.045905
2013-09,0.089985,0.030743,0.129904,1.154699,0.035499,0.141027,1.063623,0.032699,0.135652,1.105770,0.033995,0.113523,1.321317,0.040622
2013-10,0.152710,0.035225,0.111233,1.348522,0.047502,0.134821,1.112586,0.039191,0.125446,1.195735,0.042120,0.103418,1.450424,0.051091
2013-11,0.116950,0.044996,0.162439,0.923424,0.041550,0.154564,0.970471,0.043667,0.142253,1.054460,0.047447,0.125914,1.191291,0.053603
2013-12,0.112618,0.013296,0.136331,1.100267,0.014629,0.136963,1.095186,0.014561,0.129357,1.159579,0.015418,0.119929,1.250743,0.016630
2014-01,0.141869,-0.031471,0.133356,1.124811,-0.035399,0.133844,1.120711,-0.035270,0.129212,1.160884,-0.036534,0.115339,1.300517,-0.040929
2014-02,0.138574,0.040193,0.154433,0.971298,0.039039,0.162487,0.923153,0.037104,0.175161,0.856354,0.034419,0.132442,1.132573,0.045521
2014-03,0.123673,0.004159,0.152795,0.981710,0.004083,0.135552,1.106588,0.004602,0.136312,1.100416,0.004577,0.130512,1.149317,0.004780
2014-04,0.202641,-0.009842,0.142030,1.056112,-0.010394,0.154992,0.967795,-0.009525,0.142414,1.053271,-0.010366,0.126298,1.187670,-0.011689
2014-05,0.119106,0.039479,0.199738,0.750984,0.029648,0.196220,0.764450,0.030180,0.180218,0.832325,0.032859,0.162734,0.921749,0.036390
2014-06,0.067504,0.013647,0.140895,1.064623,0.014529,0.150924,0.993878,0.013563,0.142536,1.052369,0.014362,0.143643,1.044252,0.014251
2014-07,0.135724,-0.004711,0.095768,1.566286,-0.007379,0.117762,1.273753,-0.006001,0.114161,1.313930,-0.006190,0.114041,1.315317,-0.006197
2014-08,0.090542,0.040471,0.147092,1.019771,0.041271,0.154400,0.971503,0.039317,0.168371,0.890890,0.036055,0.127382,1.177565,0.047657
2014-09,0.111621,-0.002793,0.112498,1.333353,-0.003724,0.120705,1.242702,-0.003471,0.120240,1.247500,-0.003485,0.110029,1.363279,-0.003808
2014-10,0.223438,0.009295,0.130035,1.153531,0.010723,0.133871,1.120479,0.010415,0.148280,1.011597,0.009403,0.113415,1.322571,0.012294
2014-11,0.081297,0.023563,0.209374,0.716420,0.016881,0.168540,0.889996,0.020971,0.199378,0.752341,0.017728,0.174593,0.859139,0.020244
2014-12,0.165036,-0.014358,0.113147,1.325707,-0.019035,0.132870,1.128919,-0.016209,0.135842,1.104221,-0.015855,0.142018,1.056201,-0.015165
2015-01,0.199594,-0.020078,0.175466,0.854865,-0.017164,0.168980,0.887677,-0.017822,0.167538,0.895320,-0.017976,0.153359,0.978099,-0.019638
2015-02,0.117125,0.067210,0.193125,0.776701,0.052202,0.179367,0.836274,0.056206,0.204246,0.734409,0.049360,0.175998,0.852282,0.057282
2015-03,0.139612,-0.023206,0.143310,1.046685,-0.024289,0.155284,0.965970,-0.022416,0.134042,1.119050,-0.025968,0.150504,0.996650,-0.023128
2015-04,0.098471,-0.031025,0.156690,0.957303,-0.029700,0.163046,0.919984,-0.028542,0.159034,0.943196,-0.029263,0.145699,1.029521,-0.031941
2015-05,0.132724,0.029761,0.122246,1.227035,0.036518,0.140742,1.065778,0.031719,0.149241,1.005084,0.029912,0.127692,1.174698,0.034960
2015-06,0.108329,-0.032519,0.145977,1.027559,-0.033415,0.148748,1.008420,-0.032793,0.140566,1.067113,-0.034701,0.127327,1.178069,-0.038309
2015-07,0.110688,0.040672,0.127641,1.175168,0.047797,0.143736,1.043577,0.042444,0.146505,1.023852,0.041642,0.119850,1.251563,0.050904
2015-08,0.235331,-0.047756,0.129829,1.155366,-0.055176,0.132946,1.128278,-0.053882,0.130568,1.148824,-0.054863,0.113770,1.318447,-0.062964
2015-09,0.203884,0.004912,0.211506,0.709199,0.003483,0.188743,0.794731,0.003904,0.268944,0.557738,0.002739,0.192026,0.781143,0.003837
2015-10,0.139168,0.079283,0.200952,0.746448,0.059181,0.192850,0.777808,0.061667,0.193974,0.773301,0.061310,0.193484,0.775258,0.061465
2015-11,0.135208,0.004108,0.162833,0.921187,0.003784,0.168061,0.892533,0.003666,0.145360,1.031919,0.004239,0.166886,0.898817,0.003692
2015-12,0.179207,0.002350,0.154593,0.970290,0.002283,0.167914,0.893317,0.002110,0.153381,0.977957,0.002300,0.153607,0.976520,0.002297
2016-01,0.219000,-0.051592,0.179344,0.836383,-0.043134,0.177441,0.845351,-0.043598,0.168275,0.891400,-0.045978,0.163315,0.918470,-0.047377
2016-02,0.200313,-0.005884,0.207185,0.723992,-0.004205,0.197394,0.759902,-0.004423,0.205408,0.730255,-0.004243,0.188411,0.796130,-0.004644
2016-03,0.105777,0.044492,0.200478,0.748213,0.033340,0.187903,0.798283,0.035558,0.186389,0.804768,0.035845,0.191598,0.782887,0.034876
2016-04,0.104148,-0.013632,0.136852,1.096072,-0.014951,0.164617,0.911208,-0.012413,0.126849,1.182504,-0.016138,0.153355,0.978121,-0.013331
2016-05,0.121942,0.027946,0.129932,1.154448,0.032246,0.152928,0.980855,0.027413,0.134374,1.116284,0.031184,0.132164,1.134956,0.031704
2016-06,0.146344,0.006529,0.136367,1.099969,0.007161,0.145338,1.032076,0.006732,0.136524,1.098712,0.007153,0.126055,1.189953,0.007731
2016-07,0.075917,0.035188,0.154684,0.969720,0.034129,0.163728,0.916153,0.032254,0.195691,0.766515,0.027019,0.143687,1.043939,0.036725
2016-08,0.046902,-0.000120,0.105344,1.423910,-0.000255,0.132488,1.132179,-0.000162,0.125384,1.196324,-0.000182,0.117478,1.276830,-0.000208
2016-09,0.141993,0.002188,0.076073,1.971783,0.004120,0.094311,1.590477,0.003362,0.106799,1.404505,0.002992,0.088923,1.686856,0.003553
2016-10,0.071987,-0.025055,0.143864,1.042654,-0.026133,0.130311,1.151092,-0.028871,0.145237,1.032795,-0.025884,0.114820,1.306389,-0.032793
2016-11,0.135166,-0.005478,0.098316,1.525693,-0.008411,0.110181,1.361393,-0.007494,0.118170,1.269361,-0.006981,0.096223,1.558886,-0.008596
2016-12,0.093630,0.034427,0.145361,1.031910,0.035516,0.124524,1.204588,0.041409,0.151366,0.990973,0.034119,0.115036,1.303938,0.044800
2017-01,0.037552,0.018953,0.115562,1.298008,0.024481,0.112465,1.333746,0.025144,0.126969,1.181392,0.022318,0.104364,1.437276,0.027065
2017-02,0.052203,0.036331,0.069576,2.155915,0.077864,0.089620,1.673730,0.060539,0.104994,1.428652,0.051733,0.080897,1.854201,0.067023
2017-03,0.056032,0.010921,0.075496,1.986870,0.021403,0.081480,1.840937,0.019853,0.106933,1.402750,0.015199,0.070221,2.136106,0.022988
2017-04,0.115948,0.008315,0.073320,2.045815,0.016487,0.111933,1.340087,0.010972,0.102358,1.465443,0.011952,0.062439,2.402355,0.019274
2017-05,0.122936,0.020109,0.122091,1.228595,0.024568,0.131919,1.137062,0.022783,0.143004,1.048925,0.021063,0.091870,1.632748,0.032453
2017-06,0.092915,0.018621,0.132541,1.131722,0.020994,0.130304,1.151155,0.021344,0.140961,1.064123,0.019776,0.109037,1.375677,0.025391
2017-07,0.064423,0.030490,0.114931,1.305133,0.039580,0.119233,1.258045,0.038177,0.134378,1.116256,0.033953,0.103005,1.456242,0.044081
2017-08,0.113398,0.004980,0.090583,1.655948,0.007657,0.096123,1.560500,0.007267,0.108489,1.382632,0.006542,0.086737,1.729370,0.007957
2017-09,0.103793,0.042703,0.123697,1.212639,0.051592,0.115088,1.303351,0.055384,0.129983,1.153994,0.049140,0.100505,1.492459,0.063289
2017-10,0.084529,0.058887,0.118340,1.267537,0.074400,0.112156,1.337424,0.078453,0.125740,1.192938,0.070075,0.100790,1.488238,0.087198
2017-11,0.089618,0.021905,0.106227,1.412074,0.030602,0.107611,1.393909,0.030219,0.126921,1.181840,0.025743,0.094795,1.582358,0.034196
2017-12,0.075989,0.005782,0.107407,1.396553,0.007718,0.100626,1.490666,0.008178,0.136140,1.101804,0.006279,0.094976,1.579354,0.008611
2018-01,0.110722,0.081436,0.095680,1.567731,0.127045,0.094890,1.580784,0.128093,0.116786,1.284399,0.104283,0.086631,1.731486,0.140200
2018-02,0.300865,-0.007363,0.120747,1.242271,-0.009413,0.100718,1.489303,-0.011504,0.136001,1.102929,-0.008234,0.098783,1.518478,-0.011750
2018-03,0.253483,-0.039154,0.244604,0.613235,-0.023546,0.222101,0.675369,-0.026054,0.216771,0.691976,-0.026724,0.201731,0.743566,-0.028806
2018-04,0.210057,0.011279,0.232516,0.645117,0.007773,0.224940,0.666845,0.007987,0.291741,0.514155,0.006479,0.235850,0.635998,0.007683
2018-05,0.113810,0.034257,0.212828,0.704795,0.024558,0.209840,0.714829,0.024887,0.198110,0.757156,0.026278,0.220990,0.678763,0.023702
2018-06,0.118695,0.003280,0.143207,1.047432,0.003369,0.158798,0.944598,0.003175,0.148772,1.008251,0.003295,0.177425,0.845426,0.002989
2018-07,0.126437,0.044137,0.140214,1.069797,0.047106,0.152694,0.982356,0.043387,0.151612,0.989368,0.043685,0.153306,0.978435,0.043220
2018-08,0.089526,0.043016,0.139728,1.073513,0.046060,0.138327,1.084384,0.046510,0.153696,0.975952,0.042020,0.141837,1.057554,0.045399
2018-09,0.081447,0.012348,0.113344,1.323408,0.015856,0.120222,1.247691,0.015035,0.126838,1.182608,0.014329,0.119109,1.259355,0.015161
2018-10,0.306778,-0.097586,0.105365,1.423626,-0.139731,0.113942,1.316462,-0.129070,0.114255,1.312853,-0.128711,0.103518,1.449018,-0.142258
2018-11,0.264616,0.023203,0.250378,0.599094,0.014623,0.262032,0.572450,0.014052,0.301913,0.496832,0.012434,0.234689,0.639144,0.015480
2018-12,0.368400,-0.084726,0.239801,0.625519,-0.052286,0.220143,0.681375,-0.057125,0.265435,0.565111,-0.047053,0.251252,0.597010,-0.049817
2019-01,0.232400,0.089113,0.303450,0.494315,0.045112,0.343329,0.436898,0.040116,0.359037,0.417785,0.038453,0.311849,0.481001,0.043953
2019-02,0.098773,0.039742,0.230818,0.649862,0.026457,0.198217,0.756747,0.030513,0.211576,0.708965,0.028700,0.272783,0.549887,0.022664
2019-03,0.136857,0.019661,0.137718,1.089182,0.021245,0.162807,0.921338,0.018264,0.129558,1.157780,0.022463,0.213891,0.701292,0.014356
2019-04,0.094359,-0.000673,0.155962,0.961775,-0.000567,0.159794,0.938709,-0.000503,0.156636,0.957634,-0.000555,0.182229,0.823142,-0.000182
2019-05,0.112660,-0.016782,0.118671,1.263995,-0.021766,0.106487,1.408623,-0.024497,0.135504,1.106979,-0.018802,0.148449,1.010448,-0.016979
2019-06,0.116704,0.043480,0.131934,1.136929,0.049187,0.138292,1.084661,0.047009,0.136629,1.097860,0.047559,0.131534,1.140393,0.049331
2019-07,0.088167,0.011909,0.133209,1.126050,0.013171,0.110543,1.356941,0.015482,0.137243,1.092950,0.012840,0.123725,1.212365,0.014035
2019-08,0.190608,0.005687,0.112735,1.330553,0.007038,0.109360,1.371613,0.007206,0.128417,1.168073,0.006374,0.107715,1.392562,0.007291
2019-09,0.079320,-0.005544,0.182877,0.820224,-0.004224,0.167759,0.894140,-0.004766,0.169976,0.882479,-0.004681,0.150145,0.999031,-0.005537
2019-10,0.121858,-0.002854,0.110740,1.354528,-0.004398,0.124928,1.200692,-0.003728,0.120743,1.242307,-0.003909,0.122345,1.226037,-0.003838
2019-11,0.081714,0.018031,0.141443,1.060501,0.019049,0.146755,1.022110,0.018403,0.126238,1.188230,0.021199,0.117786,1.273501,0.022634
2019-12,0.065369,0.020582,0.106449,1.409120,0.028430,0.118137,1.269707,0.025756,0.118756,1.263093,0.025629,0.102373,1.465232,0.029506
2020-01,0.108111,0.028041,0.092566,1.620459,0.044633,0.100210,1.496863,0.041328,0.111561,1.344557,0.037255,0.086590,1.732295,0.047624
2020-02,0.233212,-0.077795,0.120240,1.247504,-0.097346,0.118225,1.268772,-0.099026,0.152972,0.980573,-0.076260,0.100390,1.494178,-0.116832
2020-03,0.900482,-0.086715,0.203757,0.736169,-0.063520,0.204581,0.733205,-0.063259,0.296101,0.506583,-0.043336,0.183956,0.815412,-0.070487
2020-04,0.453515,0.110329,0.558443,0.268604,0.029635,0.662193,0.226520,0.024992,0.736084,0.203781,0.022483,0.640239,0.234287,0.025849
2020-05,0.201491,0.058700,0.375510,0.399457,0.023508,0.283888,0.528377,0.031063,0.339821,0.441409,0.025967,0.549404,0.273023,0.016099
2020-06,0.264557,0.021877,0.227146,0.660369,0.014481,0.280342,0.535061,0.011752,0.193502,0.775184,0.016981,0.426571,0.351642,0.007758
2020-07,0.140957,0.073495,0.250418,0.598999,0.044063,0.282162,0.531609,0.039117,0.244048,0.614633,0.045211,0.356375,0.420905,0.030992
2020-08,0.106591,0.072747,0.162894,0.920847,0.066997,0.183792,0.816141,0.059390,0.165316,0.907356,0.066016,0.273634,0.548177,0.039923
2020-09,0.261384,-0.033139,0.135214,1.109351,-0.036773,0.156550,0.958159,-0.031748,0.128718,1.165340,-0.038634,0.211127,0.710473,-0.023515
2020-10,0.249675,-0.038816,0.230552,0.650614,-0.025219,0.287967,0.520893,-0.020171,0.209007,0.717678,-0.027829,0.230081,0.651943,-0.025271
2020-11,0.268563,0.072899,0.230599,0.650480,0.047454,0.265492,0.564988,0.041230,0.269036,0.557547,0.040689,0.241314,0.621597,0.045352
2020-12,0.101759,0.035624,0.246629,0.608201,0.021706,0.200176,0.749341,0.026720,0.186179,0.805674,0.028721,0.244292,0.614019,0.021913
2021-01,0.208370,-0.002349,0.136373,1.099928,-0.002583,0.165086,0.908618,-0.002134,0.126887,1.182150,-0.002776,0.187737,0.798989,-0.001876
2021-02,0.177164,-0.013373,0.205398,0.730291,-0.009766,0.228108,0.657582,-0.008794,0.221825,0.676208,-0.009043,0.198461,0.755817,-0.010108
2021-03,0.266281,0.018351,0.182150,0.823498,0.015112,0.193175,0.776497,0.014250,0.218594,0.686203,0.012593,0.192173,0.780547,0.014324
2021-04,0.173370,0.055346,0.238520,0.628877,0.034806,0.255662,0.586713,0.032472,0.216286,0.693526,0.038384,0.225477,0.665256,0.036820
2021-05,0.200573,-0.009526,0.185131,0.810236,-0.007719,0.202389,0.741147,-0.007060,0.168706,0.889123,-0.008470,0.200695,0.747404,-0.007120
2021-06,0.127141,0.073102,0.201760,0.743458,0.054348,0.227559,0.659171,0.048187,0.173523,0.864438,0.063192,0.197797,0.758353,0.055437
2021-07,0.114806,0.020969,0.150549,0.996355,0.020892,0.172946,0.867324,0.018187,0.149176,1.005524,0.021085,0.167165,0.897315,0.018816
2021-08,0.113050,0.046094,0.139956,1.071763,0.049402,0.161989,0.925990,0.042682,0.146425,1.024414,0.047219,0.145402,1.031621,0.047551
2021-09,0.150929,-0.053892,0.134427,1.115846,-0.060135,0.141634,1.059065,-0.057075,0.151408,0.990698,-0.053390,0.132725,1.130158,-0.060906
2021-10,0.128934,0.073640,0.159709,0.939208,0.069164,0.182760,0.820750,0.060440,0.193987,0.773248,0.056942,0.146507,1.023839,0.075396
2021-11,0.150613,-0.027537,0.146351,1.024933,-0.028224,0.138664,1.081750,-0.029788,0.136952,1.095275,-0.030161,0.135747,1.104994,-0.030428
2021-12,0.191261,0.025485,0.161344,0.929691,0.023700,0.162964,0.920451,0.023465,0.221812,0.676250,0.017266,0.150638,0.995761,0.025377
2022-01,0.205762,-0.066334,0.187406,0.800403,-0.053094,0.165400,0.906895,-0.060158,0.168460,0.890420,-0.059065,0.167512,0.895458,-0.059399
2022-02,0.261517,-0.020949,0.198885,0.754205,-0.015800,0.200766,0.747140,-0.015652,0.216514,0.692797,-0.014514,0.187373,0.800543,-0.016771
2022-03,0.292335,0.014906,0.233641,0.642011,0.009570,0.230450,0.650900,0.009702,0.256464,0.584879,0.008718,0.224156,0.669177,0.009975
2022-04,0.224698,-0.077050,0.254480,0.589438,-0.045416,0.195437,0.767510,-0.059137,0.233427,0.642599,-0.049512,0.253416,0.591913,-0.045607
2022-05,0.284194,0.015108,0.219363,0.683797,0.010426,0.211646,0.708729,0.010795,0.289271,0.518545,0.007979,0.248539,0.603527,0.009237
2022-06,0.270424,-0.079932,0.252654,0.593698,-0.047212,0.223407,0.671419,-0.053471,0.251327,0.596831,-0.047464,0.263703,0.568821,-0.045208
2022-07,0.200124,0.075363,0.245070,0.612070,0.046438,0.251974,0.595300,0.045188,0.243540,0.615916,0.046725,0.266528,0.562793,0.042764
2022-08,0.168869,-0.028074,0.205570,0.729679,-0.019971,0.177472,0.845202,-0.023434,0.217752,0.688856,-0.018748,0.240571,0.623517,-0.016789
2022-09,0.221913,-0.081690,0.182611,0.821419,-0.066762,0.204192,0.734603,-0.059505,0.209128,0.717264,-0.058056,0.211247,0.710071,-0.057455
2022-10,0.247749,0.148486,0.211270,0.709990,0.106091,0.229208,0.654427,0.097968,0.230827,0.649838,0.097297,0.217921,0.688322,0.102923
2022-11,0.174391,0.025635,0.227733,0.658666,0.017874,0.179932,0.833649,0.021853,0.198753,0.754707,0.020058,0.226462,0.662362,0.017959
2022-12,0.157139,-0.033683,0.186480,0.804376,-0.026448,0.177644,0.844384,-0.027928,0.180187,0.832470,-0.027487,0.202646,0.740206,-0.024075
2023-01,0.152135,-0.004812,0.173467,0.864717,-0.003687,0.195475,0.767363,-0.002878,0.167751,0.894180,-0.003932,0.182236,0.823107,-0.003341
2023-02,0.147403,-0.048360,0.165987,0.903683,-0.043374,0.148943,1.007099,-0.048727,0.172290,0.870624,-0.041663,0.169121,0.886939,-0.042508
2023-03,0.162316,0.014412,0.161646,0.927954,0.013633,0.169262,0.886201,0.013182,0.155589,0.964078,0.014024,0.158116,0.948670,0.013857
2023-04,0.138802,0.030389,0.170938,0.877511,0.027095,0.159247,0.941931,0.028827,0.165872,0.904310,0.027816,0.160219,0.936218,0.028674
2023-05,0.116794,-0.052123,0.155625,0.963854,-0.050109,0.150600,0.996015,-0.051901,0.156801,0.956624,-0.049706,0.149663,1.002250,-0.052249
2023-06,0.116201,0.062260,0.139527,1.075064,0.066633,0.144930,1.034981,0.064298,0.136130,1.101890,0.068196,0.132429,1.132682,0.069990
2023-07,0.085626,0.012041,0.136567,1.098363,0.012783,0.124504,1.204781,0.013586,0.138019,1.086806,0.012696,0.123787,1.211759,0.013638
2023-08,0.096541,0.025205,0.112361,1.334983,0.032141,0.113529,1.321250,0.031856,0.123639,1.213212,0.029619,0.107647,1.393447,0.033351
2023-09,0.111569,-0.005073,0.119082,1.259634,-0.007506,0.130826,1.146565,-0.006447,0.124476,1.205053,-0.006995,0.101128,1.483274,-0.009602
2023-10,0.164162,-0.016706,0.128885,1.163832,-0.020213,0.161995,0.925953,-0.015121,0.146229,1.025791,-0.017258,0.106668,1.406229,-0.025401
2023-11,0.142515,0.096000,0.166438,0.901235,0.086953,0.169256,0.886232,0.085579,0.176294,0.850852,0.082338,0.138230,1.085150,0.103800
2023-12,0.122032,0.058963,0.155376,0.965402,0.057072,0.125265,1.197461,0.069757,0.132987,1.127930,0.065956,0.135550,1.106606,0.064790
2024-01,0.129033,0.061369,0.142295,1.054145,0.064437,0.137705,1.089287,0.066429,0.140397,1.068403,0.065245,0.129463,1.158628,0.070358
2024-02,0.210652,0.111212,0.145095,1.033807,0.114830,0.145280,1.032486,0.114689,0.148097,1.012847,0.112587,0.128889,1.163788,0.128740
2024-03,0.178976,0.054918,0.197348,0.760079,0.042773,0.167243,0.896899,0.049699,0.193860,0.773754,0.043466,0.169142,0.886827,0.049189
2024-04,0.198358,-0.043767,0.182001,0.824173,-0.035246,0.176430,0.850193,-0.036507,0.152977,0.980538,-0.042824,0.168767,0.888797,-0.038378
2024-05,0.138151,0.068694,0.196111,0.764875,0.053577,0.217243,0.690472,0.048793,0.211091,0.710594,0.050087,0.186155,0.805779,0.056207
2024-06,0.139001,0.076632,0.156654,0.957525,0.073552,0.153989,0.974096,0.074753,0.155047,0.967450,0.074271,0.163053,0.919948,0.070826
2024-07,0.243362,-0.021084,0.155812,0.962699,-0.020130,0.152375,0.984413,-0.020686,0.151475,0.990266,-0.020835,0.152022,0.986700,-0.020744
2024-08,0.248571,0.033533,0.218533,0.686396,0.024522,0.210017,0.714229,0.025322,0.274667,0.546117,0.020492,0.209487,0.716033,0.025374
2024-09,0.206033,0.023145,0.227021,0.660730,0.016649,0.211573,0.708974,0.017573,0.190626,0.786882,0.019065,0.220601,0.679960,0.017018
2024-10,0.119108,0.004005,0.205589,0.729610,0.003977,0.187070,0.801840,0.003984,0.165702,0.905237,0.003995,0.208289,0.720153,0.003976
2024-11,0.168007,0.067121,0.146562,1.023457,0.068601,0.160395,0.935194,0.063030,0.154678,0.969755,0.065212,0.169344,0.885773,0.059911
2024-12,0.172610,-0.023010,0.174952,0.857380,-0.019200,0.150986,0.993467,-0.022835,0.154929,0.968186,-0.022160,0.165158,0.908222,-0.020558
2025-01,0.178314,0.047153,0.176008,0.852236,0.040732,0.195338,0.767900,0.037067,0.182571,0.821598,0.039401,0.169878,0.882989,0.042068
2025-02,0.155293,0.005769,0.182015,0.824106,0.005335,0.175018,0.857054,0.005416,0.197568,0.759234,0.005174,0.176002,0.852263,0.005404
2025-03,0.219429,-0.065584,0.167616,0.894903,-0.058334,0.172190,0.871131,-0.056694,0.195801,0.766085,-0.049448,0.170063,0.882025,-0.057446
2025-04,0.559344,0.023299,0.207013,0.724592,0.017846,0.258700,0.579823,0.014980,0.195831,0.765966,0.018665,0.190981,0.785419,0.019050
2025-05,0.198343,0.102353,0.389155,0.385450,0.041787,0.373248,0.401878,0.043406,0.343746,0.436368,0.046805,0.385865,0.388737,0.042111
2025-06,0.131358,0.059734,0.213359,0.703041,0.043005,0.219965,0.681926,0.041816,0.190411,0.787770,0.047778,0.310042,0.483806,0.030655
2025-07,0.093416,0.030324,0.165987,0.903685,0.027731,0.190329,0.788111,0.024619,0.152617,0.982853,0.029862,0.245235,0.611657,0.019868
2025-08,0.149832,0.009455,0.123265,1.216888,0.010682,0.156292,0.959744,0.009228,0.121035,1.239316,0.010809,0.185937,0.806726,0.008362
2025-09,0.096263,0.046481,0.161298,0.929958,0.043457,0.179547,0.835436,0.039375,0.149747,1.001689,0.046554,0.166947,0.898490,0.042098
2025-10,0.146409,-0.007594,0.122702,1.222479,-0.010107,0.136733,1.097030,-0.008690,0.123161,1.217919,-0.010056,0.136601,1.098089,-0.008702
2025-11,0.176398,-0.010617,0.159332,0.941430,-0.009820,0.150172,0.998852,-0.010602,0.168187,0.891865,-0.009145,0.142262,1.054389,-0.011358
2025-12,0.123118,-0.006192,0.179002,0.837981,-0.004638,0.172406,0.870040,-0.004946,0.190528,0.787284,-0.004152,0.159344,0.941362,-0.005630
