period,specification,dependent,n,R2,alpha,t(alpha),mktrf,t(mktrf),smb,t(smb),hml,t(hml),rmw,t(rmw),cma,t(cma),umd,t(umd),st_rev,t(st_rev),lt_rev,t(lt_rev)
Full sample,FF5 + UMD,C (market),369,0.608472,-0.001031,-0.146978,-0.010971,-0.615571,-0.251386,-11.122194,-0.150025,-4.266639,-0.094969,-2.868668,-0.122705,-2.701875,0.097554,3.066259,,,,
Full sample,FF5 + UMD,C (momentum),369,0.198305,0.017382,1.653773,0.029211,0.970251,-0.179255,-5.220604,-0.135323,-2.859768,0.068411,1.501841,-0.014636,-0.218851,0.024541,0.923960,,,,
Full sample,FF5 + UMD,M x C,369,0.173532,0.018413,1.706894,0.040182,1.765342,0.072131,2.343019,0.014702,0.371858,0.163379,3.318987,0.108068,1.956771,-0.073013,-2.224333,,,,
Full sample,FF5 + UMD,"Size slope, average (current size)",369,0.576130,-0.013073,-0.925952,-0.099348,-3.252635,-0.508121,-10.614086,-0.112389,-1.977000,-0.014561,-0.237206,-0.217879,-2.643174,0.199891,2.979170,,,,
Full sample,FF5 + UMD,"Size slope, M5 (current size)",369,0.266399,0.029822,1.865184,-0.000595,-0.012398,-0.398514,-6.606349,-0.124432,-1.903722,-0.090123,-1.287255,-0.159831,-1.564550,0.144446,2.456865,,,,
Full sample,FF5 + UMD,"Size slope, M5 - average (current size)",369,0.086988,0.042896,2.185730,0.098753,2.317810,0.109607,1.750789,-0.012044,-0.171943,-0.075562,-1.092187,0.058049,0.656593,-0.055444,-0.762548,,,,
Full sample,FF5 + UMD,"Size slope, M5 - average (lagged size)",369,0.079992,0.012302,0.615864,0.008021,0.183652,0.019546,0.322730,0.042621,0.598271,0.177217,1.771301,0.171508,1.863715,-0.016363,-0.346007,,,,
Full sample,FF5 + UMD,"SPMO proxy, excess return (reference)",369,0.819577,0.007037,0.584140,1.031230,32.070050,-0.165255,-2.399892,-0.104720,-1.262670,-0.044918,-0.461546,-0.102540,-0.820471,0.293121,3.925330,,,,
Full sample,+ ST_Rev,C (market),369,0.609427,-0.001158,-0.162884,-0.013787,-0.736082,-0.252438,-11.259361,-0.151788,-4.226789,-0.095984,-2.836256,-0.118793,-2.662516,0.099510,3.113269,0.014572,0.569072,,
Full sample,+ ST_Rev,C (momentum),369,0.200234,0.017587,1.688761,0.033753,1.092296,-0.177560,-5.290278,-0.132478,-2.827454,0.070048,1.535021,-0.020946,-0.309619,0.021387,0.742094,-0.023506,-0.638796,,
Full sample,+ ST_Rev,M x C,369,0.180020,0.018745,1.764427,0.047540,1.989536,0.074878,2.354157,0.019309,0.492036,0.166032,3.342859,0.097847,1.805658,-0.078123,-2.452678,-0.038078,-1.263520,,
Full sample,+ ST_Rev,"Size slope, average (current size)",369,0.580256,-0.013566,-0.945132,-0.110263,-3.223457,-0.512196,-10.336115,-0.119223,-2.103621,-0.018496,-0.296132,-0.202718,-2.381389,0.207471,3.077715,0.056484,0.950310,,
Full sample,+ ST_Rev,"Size slope, M5 (current size)",369,0.273363,0.029135,1.788319,-0.015825,-0.333856,-0.404200,-6.708442,-0.133969,-2.080038,-0.095613,-1.381197,-0.138675,-1.381638,0.155023,2.552068,0.078814,1.299821,,
Full sample,+ ST_Rev,"Size slope, M5 - average (current size)",369,0.087706,0.042701,2.138107,0.094438,2.365895,0.107996,1.669424,-0.014745,-0.218954,-0.077118,-1.089702,0.064042,0.729108,-0.052448,-0.647401,0.022330,0.307325,,
Full sample,+ ST_Rev,"Size slope, M5 - average (lagged size)",369,0.087655,0.011687,0.579381,-0.005612,-0.126590,0.014456,0.238792,0.034084,0.499895,0.172303,1.813410,0.190445,2.164637,-0.006896,-0.137690,0.070548,1.154674,,
Full sample,+ ST_Rev,"SPMO proxy, excess return (reference)",369,0.819580,0.007018,0.582846,1.030808,30.750867,-0.165412,-2.426065,-0.104984,-1.275880,-0.045070,-0.466982,-0.101954,-0.806591,0.293414,3.862908,0.002185,0.048512,,
Full sample,+ ST_Rev + LT_Rev,C (market),369,0.612941,-0.000901,-0.128293,-0.015368,-0.811527,-0.263875,-10.837141,-0.168778,-4.623393,-0.080816,-2.289046,-0.142361,-2.636628,0.095419,2.945866,0.011430,0.431860,0.051230,1.226709
Full sample,+ ST_Rev + LT_Rev,C (momentum),369,0.209848,0.018070,1.758505,0.030784,1.048646,-0.199032,-5.444480,-0.164376,-3.394879,0.098524,2.050956,-0.065191,-0.810432,0.013706,0.462632,-0.029406,-0.725944,0.096178,1.442627
Full sample,+ ST_Rev + LT_Rev,M x C,369,0.182712,0.018971,1.780168,0.046153,2.011047,0.064843,1.792817,0.004403,0.098454,0.179340,3.797724,0.077170,1.209825,-0.081712,-2.560344,-0.040835,-1.310078,0.044948,0.822579
Full sample,+ ST_Rev + LT_Rev,"Size slope, average (current size)",369,0.582750,-0.013970,-0.987353,-0.107779,-3.163823,-0.494232,-9.568706,-0.092537,-1.647730,-0.042319,-0.590507,-0.165701,-1.698636,0.213896,3.213130,0.061420,1.046344,-0.080464,-0.963277
Full sample,+ ST_Rev + LT_Rev,"Size slope, M5 (current size)",369,0.276305,0.029607,1.855172,-0.018723,-0.404760,-0.425160,-7.106198,-0.165105,-2.426818,-0.067817,-0.882103,-0.181865,-1.770365,0.147526,2.372202,0.073054,1.135912,0.093883,1.096911
Full sample,+ ST_Rev + LT_Rev,"Size slope, M5 - average (current size)",369,0.100739,0.043577,2.292301,0.089056,2.374767,0.069072,1.018370,-0.072567,-1.095939,-0.025497,-0.362713,-0.016164,-0.163516,-0.066370,-0.818136,0.011634,0.158780,0.174347,2.201513
Full sample,+ ST_Rev + LT_Rev,"Size slope, M5 - average (lagged size)",369,0.088648,0.011921,0.595121,-0.007048,-0.159215,0.004068,0.063904,0.018653,0.258335,0.186079,2.049100,0.169039,1.729344,-0.010611,-0.215740,0.067694,1.069951,0.046529,0.585458
Full sample,+ ST_Rev + LT_Rev,"SPMO proxy, excess return (reference)",369,0.819704,0.007170,0.596736,1.029874,30.558554,-0.172169,-2.686978,-0.115022,-1.488371,-0.036109,-0.347651,-0.115877,-0.925292,0.290997,3.933546,0.000328,0.007455,0.030265,0.422282
1995-2014,FF5 + UMD,C (market),237,0.630749,-0.002837,-0.297246,-0.048569,-1.821834,-0.290631,-12.444884,-0.150047,-2.555563,-0.144868,-3.726686,-0.175611,-2.721108,0.115878,3.211810,,,,
1995-2014,FF5 + UMD,C (momentum),237,0.248670,0.015650,1.336436,-0.022410,-0.701194,-0.172983,-5.279338,-0.116172,-2.336094,0.069777,2.166929,-0.104701,-1.762713,0.013952,0.522799,,,,
1995-2014,FF5 + UMD,M x C,237,0.310855,0.018487,1.431585,0.026160,1.080242,0.117648,4.426916,0.033876,0.813653,0.214645,5.657385,0.070910,1.174662,-0.101927,-3.064833,,,,
1995-2014,FF5 + UMD,"Size slope, average (current size)",237,0.626279,-0.020648,-1.184288,-0.153558,-3.558912,-0.615678,-11.294634,-0.108121,-1.169718,-0.090518,-1.117166,-0.273659,-2.265822,0.244274,3.302092,,,,
1995-2014,FF5 + UMD,"Size slope, M5 (current size)",237,0.324180,0.045880,2.163154,-0.037865,-0.573846,-0.435595,-6.488564,-0.220474,-2.038765,-0.050701,-0.635400,-0.271740,-1.904136,0.155293,2.429917,,,,
1995-2014,FF5 + UMD,"Size slope, M5 - average (current size)",237,0.117309,0.066528,2.766226,0.115693,1.935071,0.180083,2.245964,-0.112353,-1.404916,0.039817,0.481325,0.001919,0.014577,-0.088981,-1.092292,,,,
1995-2014,FF5 + UMD,"Size slope, M5 - average (lagged size)",237,0.107735,0.018760,0.676990,0.060623,0.938973,0.080366,1.285890,-0.043394,-0.505300,0.330938,2.655194,0.222139,1.649881,-0.037778,-0.702210,,,,
1995-2014,FF5 + UMD,"SPMO proxy, excess return (reference)",237,0.820264,0.013701,0.910810,1.023184,21.626734,-0.159917,-1.760652,-0.195076,-1.595676,0.009528,0.096839,-0.262558,-1.484173,0.268369,3.550549,,,,
1995-2014,+ ST_Rev,C (market),237,0.640413,-0.003787,-0.399888,-0.058434,-2.147258,-0.293138,-12.662203,-0.154855,-2.704656,-0.148705,-3.829871,-0.164542,-2.698011,0.120820,3.584107,0.044888,1.834307,,
1995-2014,+ ST_Rev,C (momentum),237,0.250381,0.016031,1.361106,-0.018448,-0.583361,-0.171977,-5.539785,-0.114241,-2.292747,0.071318,2.239169,-0.109146,-1.797166,0.011967,0.402207,-0.018026,-0.408337,,
1995-2014,+ ST_Rev,M x C,237,0.334842,0.019818,1.606962,0.039986,1.615081,0.121161,4.850260,0.040614,1.013563,0.220023,5.959000,0.055396,1.014327,-0.108852,-3.788881,-0.062914,-2.060303,,
1995-2014,+ ST_Rev,"Size slope, average (current size)",237,0.641914,-0.022979,-1.311538,-0.177765,-3.780738,-0.621828,-11.467678,-0.119918,-1.383892,-0.099934,-1.216582,-0.246497,-2.127833,0.256400,3.859555,0.110151,1.816027,,
1995-2014,+ ST_Rev,"Size slope, M5 (current size)",237,0.329852,0.044412,2.074249,-0.053104,-0.808890,-0.439466,-6.419851,-0.227900,-2.166730,-0.056629,-0.706647,-0.254641,-1.867973,0.162926,2.458292,0.069341,0.919580,,
1995-2014,+ ST_Rev,"Size slope, M5 - average (current size)",237,0.119741,0.067392,2.739713,0.124662,2.127470,0.182362,2.259024,-0.107982,-1.378710,0.043306,0.505923,-0.008145,-0.062398,-0.093474,-1.092466,-0.040810,-0.496009,,
1995-2014,+ ST_Rev,"Size slope, M5 - average (lagged size)",237,0.108288,0.018364,0.654079,0.056506,0.878480,0.079320,1.262343,-0.045401,-0.544509,0.329336,2.728357,0.226759,1.731788,-0.035716,-0.666152,0.018734,0.262459,,
1995-2014,+ ST_Rev,"SPMO proxy, excess return (reference)",237,0.820281,0.013576,0.908452,1.021884,21.307286,-0.160248,-1.776622,-0.195709,-1.620403,0.009022,0.092802,-0.261100,-1.466420,0.269020,3.496422,0.005916,0.114056,,
1995-2014,+ ST_Rev + LT_Rev,C (market),237,0.649091,-0.003999,-0.429433,-0.058697,-2.267080,-0.312528,-13.023899,-0.183399,-3.751713,-0.119376,-2.984793,-0.200438,-2.880731,0.112628,3.264915,0.041407,1.518112,0.089501,1.717869
1995-2014,+ ST_Rev + LT_Rev,C (momentum),237,0.255225,0.015880,1.419196,-0.018636,-0.606617,-0.185804,-5.412336,-0.134596,-2.961852,0.092233,2.812687,-0.134743,-2.040091,0.006126,0.193529,-0.020508,-0.436955,0.063823,1.032388
1995-2014,+ ST_Rev + LT_Rev,M x C,237,0.335744,0.019879,1.593805,0.040061,1.614758,0.126724,4.708191,0.048803,1.054744,0.211608,5.546896,0.065695,1.109575,-0.106502,-3.456302,-0.061915,-2.013508,-0.025679,-0.538246
1995-2014,+ ST_Rev + LT_Rev,"Size slope, average (current size)",237,0.644978,-0.022736,-1.321192,-0.177463,-3.764570,-0.599595,-9.697797,-0.087188,-1.184920,-0.133565,-1.506424,-0.205337,-1.514955,0.265792,4.204729,0.114142,1.966886,-0.102625,-0.903270
1995-2014,+ ST_Rev + LT_Rev,"Size slope, M5 (current size)",237,0.330124,0.044488,2.061961,-0.053010,-0.799404,-0.432541,-5.922097,-0.217706,-2.245377,-0.067103,-0.822426,-0.241822,-1.619595,0.165852,2.422067,0.070584,0.924103,-0.031963,-0.275980
1995-2014,+ ST_Rev + LT_Rev,"Size slope, M5 - average (current size)",237,0.121388,0.067224,2.806505,0.124454,2.170555,0.167053,2.020734,-0.130518,-1.552921,0.066462,0.723224,-0.036485,-0.262353,-0.099941,-1.151647,-0.043559,-0.522241,0.070662,0.721818
1995-2014,+ ST_Rev + LT_Rev,"Size slope, M5 - average (lagged size)",237,0.108597,0.018434,0.652771,0.056592,0.870363,0.085691,1.281740,-0.036022,-0.402711,0.319699,2.751227,0.238553,1.679963,-0.033024,-0.627441,0.019878,0.277514,-0.029407,-0.290031
1995-2014,+ ST_Rev + LT_Rev,"SPMO proxy, excess return (reference)",237,0.820299,0.013545,0.906266,1.021847,21.357725,-0.163015,-2.031133,-0.199783,-1.791281,0.013208,0.113768,-0.266223,-1.604913,0.267851,3.700040,0.005419,0.107473,0.012774,0.125469
2015-2025,FF5 + UMD,C (market),132,0.662299,0.013466,1.524411,0.018524,1.079247,-0.232904,-9.661554,-0.160035,-4.422219,-0.065220,-1.570751,-0.034712,-0.635108,0.041132,1.823529,,,,
2015-2025,FF5 + UMD,C (momentum),132,0.202424,0.027104,1.793135,0.118929,2.651366,-0.202538,-3.024358,-0.153476,-2.024952,-0.045434,-0.457497,0.122854,1.046017,0.053537,0.846133,,,,
2015-2025,FF5 + UMD,M x C,132,0.096841,0.013638,0.906158,0.100405,2.429016,0.030366,0.464780,0.006559,0.108252,0.019786,0.203227,0.157566,1.636594,0.012405,0.206694,,,,
2015-2025,FF5 + UMD,"Size slope, average (current size)",132,0.573587,0.021534,1.261213,-0.059044,-1.341862,-0.383507,-7.269440,-0.188659,-2.504469,-0.041343,-0.498920,-0.060810,-0.618334,0.078057,1.631830,,,,
2015-2025,FF5 + UMD,"Size slope, M5 (current size)",132,0.244346,0.018702,0.843927,0.062971,1.175907,-0.431659,-3.518650,-0.065432,-0.801160,-0.232624,-1.669653,0.053797,0.380734,0.080143,0.880083,,,,
2015-2025,FF5 + UMD,"Size slope, M5 - average (current size)",132,0.116653,-0.002832,-0.125276,0.122015,2.131131,-0.048152,-0.371357,0.123227,1.586890,-0.191281,-1.402856,0.114606,1.328006,0.002085,0.032087,,,,
2015-2025,FF5 + UMD,"Size slope, M5 - average (lagged size)",132,0.077280,-0.011868,-0.509040,0.001248,0.018770,-0.087389,-0.620081,0.113314,1.256398,-0.067051,-0.457122,0.141521,1.198644,0.007632,0.116045,,,,
2015-2025,FF5 + UMD,"SPMO proxy, excess return (reference)",132,0.874570,0.011050,0.599849,1.042720,26.436235,-0.143262,-2.422471,-0.016604,-0.269896,-0.006215,-0.096695,0.135033,1.395729,0.376837,7.534432,,,,
2015-2025,+ ST_Rev,C (market),132,0.688454,0.012366,1.633128,0.031042,2.059860,-0.229025,-11.038867,-0.151351,-4.613402,-0.063243,-1.867587,-0.057807,-1.061555,0.021758,0.882451,-0.082552,-4.277172,,
2015-2025,+ ST_Rev,C (momentum),132,0.203364,0.026788,1.814851,0.122521,2.499019,-0.201425,-2.957958,-0.150984,-1.993656,-0.044867,-0.448328,0.116226,0.951829,0.047977,0.770886,-0.023691,-0.454280,,
2015-2025,+ ST_Rev,M x C,132,0.105114,0.014422,0.952144,0.091479,2.086020,0.027600,0.430370,0.000367,0.005855,0.018376,0.194843,0.174033,1.714463,0.026219,0.436939,0.058861,1.308940,,
2015-2025,+ ST_Rev,"Size slope, average (current size)",132,0.593735,0.019896,1.237814,-0.040397,-1.091472,-0.377729,-6.897110,-0.175725,-2.582586,-0.038398,-0.528590,-0.095211,-1.058317,0.049198,1.018983,-0.122965,-2.119299,,
2015-2025,+ ST_Rev,"Size slope, M5 (current size)",132,0.253124,0.019989,0.872641,0.048318,0.828621,-0.436200,-3.637407,-0.075596,-0.904785,-0.234938,-1.692836,0.080830,0.566908,0.102821,1.134686,0.096630,1.289912,,
2015-2025,+ ST_Rev,"Size slope, M5 - average (current size)",132,0.183684,0.000093,0.004150,0.088716,1.651516,-0.058470,-0.476274,0.100129,1.318016,-0.196540,-1.602164,0.176041,2.178916,0.053622,0.855772,0.219594,3.979907,,
2015-2025,+ ST_Rev,"Size slope, M5 - average (lagged size)",132,0.149780,-0.008865,-0.390548,-0.032934,-0.534477,-0.097981,-0.732606,0.089604,1.071760,-0.072450,-0.552231,0.204583,1.879958,0.060534,0.965418,0.225411,3.931719,,
2015-2025,+ ST_Rev,"SPMO proxy, excess return (reference)",132,0.874594,0.011158,0.610672,1.041494,25.542144,-0.143642,-2.482934,-0.017455,-0.274731,-0.006408,-0.101024,0.137295,1.340104,0.378735,7.648736,0.008088,0.165838,,
2015-2025,+ ST_Rev + LT_Rev,C (market),132,0.691062,0.012027,1.605496,0.032947,2.181785,-0.223686,-9.263391,-0.138120,-3.713770,-0.073375,-1.863991,-0.037966,-0.636742,0.022703,0.909503,-0.077905,-3.862767,-0.036876,-0.928499
2015-2025,+ ST_Rev + LT_Rev,C (momentum),132,0.217809,0.027999,1.770080,0.115738,2.563038,-0.220442,-3.227402,-0.198109,-2.587971,-0.008778,-0.087093,0.045557,0.268509,0.044612,0.744769,-0.040242,-0.673337,0.131342,1.050696
2015-2025,+ ST_Rev + LT_Rev,M x C,132,0.138876,0.015972,0.985439,0.082791,2.177423,0.003244,0.052144,-0.059989,-1.020737,0.064597,0.787838,0.083523,0.580996,0.021909,0.379223,0.037663,0.737747,0.168218,1.693326
2015-2025,+ ST_Rev + LT_Rev,"Size slope, average (current size)",132,0.599360,0.019049,1.230089,-0.035650,-0.951733,-0.364421,-6.274156,-0.142745,-1.810679,-0.063654,-0.931609,-0.045754,-0.577522,0.051553,1.054579,-0.111381,-1.837394,-0.091918,-1.007121
2015-2025,+ ST_Rev + LT_Rev,"Size slope, M5 (current size)",132,0.269220,0.021696,0.931045,0.038759,0.721737,-0.463000,-4.224151,-0.142009,-1.378667,-0.184079,-1.283612,-0.018763,-0.122978,0.098078,1.094013,0.073304,0.924804,0.185099,1.548127
2015-2025,+ ST_Rev + LT_Rev,"Size slope, M5 - average (current size)",132,0.236987,0.002647,0.123473,0.074408,1.526560,-0.098580,-0.856073,0.000736,0.010786,-0.120425,-1.101860,0.026991,0.209708,0.046525,0.762829,0.184685,3.004650,0.277016,2.697835
2015-2025,+ ST_Rev + LT_Rev,"Size slope, M5 - average (lagged size)",132,0.169353,-0.007338,-0.325075,-0.041491,-0.725961,-0.121970,-0.927245,0.030158,0.364524,-0.026926,-0.221755,0.115438,0.804058,0.056289,0.905976,0.204532,3.247378,0.165681,1.454438
2015-2025,+ ST_Rev + LT_Rev,"SPMO proxy, excess return (reference)",132,0.874596,0.011131,0.610041,1.041642,26.010414,-0.143227,-2.421707,-0.016426,-0.249270,-0.007196,-0.113360,0.138837,1.216330,0.378808,7.725307,0.008450,0.167793,-0.002866,-0.038403
