month,RV1 (previous month end),RV3 (previous month end),RV12 (previous month end),RV1,forecast,w,SPMO proxy,HAR vol target (15%)
1998-04,,,,0.159067,0.166073,0.903219,0.025811,0.023729
1998-05,0.159067,0.150730,0.212591,0.128419,0.166620,0.900254,-0.002564,-0.001909
1998-06,0.128419,0.145644,0.210024,0.176146,0.143430,1.045809,0.066341,0.069192
1998-07,0.176146,0.156539,0.210153,0.197436,0.171844,0.872883,0.014400,0.013078
1998-08,0.197436,0.170936,0.209817,0.387225,0.188388,0.796228,-0.129717,-0.102408
1998-09,0.387225,0.268586,0.229873,0.397056,0.302888,0.495232,0.064180,0.034106
1998-10,0.397056,0.338127,0.249270,0.333946,0.335931,0.446520,0.077043,0.036173
1998-11,0.333946,0.373183,0.243325,0.187872,0.297745,0.503786,0.069297,0.036449
1998-12,0.187872,0.320468,0.240651,0.260433,0.189324,0.792294,0.132256,0.105575
1999-01,0.260433,0.269592,0.245756,0.265064,0.258325,0.580664,0.087877,0.052494
1999-02,0.265064,0.240661,0.250296,0.283012,0.266474,0.562907,-0.041566,-0.021868
1999-03,0.283012,0.269224,0.259054,0.208170,0.280256,0.535225,0.042426,0.024706
1999-04,0.208170,0.251339,0.262511,0.361771,0.232901,0.644049,-0.006324,-0.002756
1999-05,0.361771,0.289141,0.278765,0.263813,0.331493,0.452498,-0.038197,-0.015423
1999-06,0.263813,0.283314,0.286225,0.269966,0.281411,0.533028,0.089209,0.049419
1999-07,0.269966,0.301946,0.292539,0.220472,0.286405,0.523734,-0.021719,-0.009565
1999-08,0.220472,0.252483,0.294228,0.229349,0.256162,0.585567,0.015854,0.010900
1999-09,0.229349,0.241195,0.279863,0.232601,0.254279,0.589902,-0.002134,0.000340
1999-10,0.232601,0.227560,0.263996,0.266213,0.249629,0.600893,0.034871,0.022510
1999-11,0.266213,0.243081,0.257150,0.200131,0.264955,0.566133,0.083564,0.048870
1999-12,0.200131,0.234538,0.257683,0.194396,0.228405,0.656729,0.161010,0.107250
2000-01,0.194396,0.222231,0.252543,0.396858,0.222036,0.675567,-0.046634,-0.030174
2000-02,0.396858,0.276669,0.265895,0.273891,0.322181,0.465576,0.089287,0.043868
2000-03,0.273891,0.297344,0.265211,0.307564,0.270812,0.553890,0.094664,0.054530
2000-04,0.307564,0.329163,0.273823,0.620124,0.290820,0.515782,-0.062848,-0.030188
2000-05,0.620124,0.420878,0.306042,0.475810,0.438387,0.342164,-0.092770,-0.028453
2000-06,0.475810,0.475377,0.327189,0.330966,0.418092,0.358772,0.092265,0.035667
2000-07,0.330966,0.482998,0.332006,0.324867,0.352246,0.425839,0.006996,0.005735
2000-08,0.324867,0.385303,0.339075,0.194759,0.345077,0.434685,0.124588,0.056983
2000-09,0.194759,0.288045,0.336746,0.298119,0.259639,0.577726,-0.115272,-0.064442
2000-10,0.298119,0.274894,0.341147,0.543708,0.321597,0.466422,-0.074806,-0.031903
2000-11,0.543708,0.375264,0.368332,0.462490,0.460260,0.325903,-0.178364,-0.054691
2000-12,0.462490,0.450272,0.387352,0.581826,0.433611,0.345932,-0.056854,-0.016397
2001-01,0.581826,0.531035,0.418091,0.674028,0.514078,0.291785,0.065492,0.022934
2001-02,0.674028,0.579250,0.446507,0.475936,0.590325,0.254097,-0.258829,-0.062933
2001-03,0.475936,0.586157,0.459657,0.559113,0.495838,0.302518,-0.144556,-0.040801
2001-04,0.559113,0.578119,0.480477,0.187565,0.559444,0.268123,0.044990,0.014917
2001-05,0.187565,0.441398,0.451376,0.122836,0.299533,0.500780,0.011218,0.007215
2001-06,0.122836,0.351624,0.430456,0.090862,0.185480,0.808711,-0.041573,-0.033085
2001-07,0.090862,0.138526,0.420857,0.117783,0.166524,0.900768,-0.014397,-0.012671
2001-08,0.117783,0.111569,0.411336,0.090133,0.195959,0.765465,-0.027107,-0.020022
2001-09,0.090133,0.100119,0.408016,0.242903,0.123073,1.218787,-0.053875,-0.066275
2001-10,0.242903,0.152004,0.407718,0.146324,0.311387,0.481716,-0.023679,-0.010266
2001-11,0.146324,0.160139,0.375932,0.123025,0.185498,0.808633,0.056155,0.045734
2001-12,0.123025,0.169511,0.352838,0.084418,0.157593,0.951820,0.032116,0.030641
2002-01,0.084418,0.122015,0.312680,0.113564,0.114132,1.314272,0.015117,0.019428
2002-02,0.113564,0.108598,0.245746,0.128202,0.143115,1.048111,0.006520,0.006772
2002-03,0.128202,0.109973,0.210466,0.115169,0.155734,0.963184,0.039716,0.038302
2002-04,0.115169,0.118911,0.133333,0.110474,0.141570,1.059550,0.011457,0.012050
2002-05,0.110474,0.117770,0.126016,0.104001,0.135753,1.104947,0.002232,0.002319
2002-06,0.104001,0.109811,0.124503,0.168736,0.128084,1.171108,-0.069859,-0.082035
2002-07,0.168736,0.129657,0.131024,0.387849,0.187144,0.801521,-0.054581,-0.043450
2002-08,0.387849,0.253623,0.171078,0.239003,0.364586,0.411425,0.018245,0.008330
2002-09,0.239003,0.283271,0.183623,0.215578,0.246714,0.607992,-0.055700,-0.033316
2002-10,0.215578,0.293033,0.182277,0.226306,0.227264,0.660025,0.009194,0.006544
2002-11,0.226306,0.227498,0.189592,0.161278,0.237164,0.632474,-0.031363,-0.019395
2002-12,0.161278,0.204226,0.192080,0.113258,0.183334,0.818179,0.004313,0.003729
2003-01,0.113258,0.175336,0.193007,0.173826,0.139328,1.076596,-0.024598,-0.026558
2003-02,0.173826,0.151557,0.196710,0.133113,0.194787,0.770071,-0.018418,-0.013976
2003-03,0.133113,0.142608,0.196956,0.200942,0.158873,0.944150,0.011827,0.011223
2003-04,0.200942,0.172689,0.202339,0.142291,0.215784,0.695141,0.047398,0.033253
2003-05,0.142291,0.162449,0.204268,0.128538,0.167024,0.898073,0.053208,0.047877
2003-06,0.128538,0.160360,0.205732,0.137109,0.154543,0.970604,0.020046,0.019486
2003-07,0.137109,0.136097,0.203629,0.116279,0.161445,0.929111,0.009747,0.009106
2003-08,0.116279,0.127426,0.171792,0.092930,0.142114,1.055489,0.002139,0.002219
2003-09,0.092930,0.116832,0.159204,0.097297,0.119294,1.257393,0.013805,0.017153
2003-10,0.097297,0.102897,0.149485,0.139430,0.122257,1.226924,0.063691,0.077985
2003-11,0.139430,0.112816,0.139449,0.163863,0.160351,0.935449,0.013187,0.012381
2003-12,0.163863,0.135465,0.139583,0.133418,0.181391,0.826945,0.051319,0.042576
2004-01,0.133418,0.145178,0.141036,0.132695,0.155089,0.967187,0.030422,0.029446
2004-02,0.132695,0.143375,0.137279,0.132029,0.153872,0.974839,0.006065,0.005927
2004-03,0.132029,0.132749,0.137199,0.172104,0.152596,0.982987,0.005935,0.005849
2004-04,0.172104,0.148357,0.134224,0.186800,0.186242,0.805404,-0.047863,-0.038393
2004-05,0.186800,0.166439,0.138679,0.151001,0.198388,0.756096,0.041401,0.031450
2004-06,0.151001,0.170937,0.140502,0.158451,0.168980,0.887679,0.025662,0.022869
2004-07,0.158451,0.166367,0.142361,0.170941,0.174821,0.858022,-0.066554,-0.056962
2004-08,0.170941,0.160489,0.146993,0.184242,0.184760,0.811866,-0.028185,-0.022675
2004-09,0.184242,0.171741,0.154159,0.140939,0.195575,0.766967,0.049416,0.038156
2004-10,0.140939,0.166657,0.156944,0.109759,0.160224,0.936188,0.010611,0.010004
2004-11,0.109759,0.148793,0.155087,0.112997,0.132309,1.133712,0.060844,0.068779
2004-12,0.112997,0.122037,0.151330,0.098959,0.134491,1.115315,0.018542,0.020496
2005-01,0.098959,0.107280,0.149002,0.123979,0.121025,1.239412,-0.008913,-0.011430
2005-02,0.123979,0.112051,0.148405,0.145149,0.143263,1.047029,0.061776,0.064606
2005-03,0.145149,0.123019,0.149326,0.120319,0.161287,0.930017,-0.011924,-0.010942
2005-04,0.120319,0.129703,0.144713,0.186990,0.139541,1.074955,-0.037408,-0.040369
2005-05,0.186990,0.153089,0.144733,0.136065,0.194327,0.771894,0.027128,0.021487
2005-06,0.136065,0.150080,0.143519,0.098280,0.153288,0.978549,0.019133,0.018772
2005-07,0.098280,0.144458,0.138825,0.126936,0.119846,1.251602,0.046642,0.057774
2005-08,0.126936,0.121076,0.134880,0.104463,0.143974,1.041858,0.016537,0.017104
2005-09,0.104463,0.109947,0.127126,0.114180,0.123738,1.212237,0.043068,0.051593
2005-10,0.114180,0.115043,0.124877,0.248748,0.131778,1.138275,-0.031679,-0.036433
2005-11,0.248748,0.167523,0.140464,0.107533,0.237392,0.631867,0.031704,0.021174
2005-12,0.107533,0.169780,0.140108,0.099008,0.131497,1.140712,0.014434,0.016015
2006-01,0.099008,0.166575,0.140250,0.115430,0.122659,1.222899,0.049405,0.059637
2006-02,0.115430,0.107401,0.139670,0.109572,0.133736,1.121611,-0.013746,-0.015831
2006-03,0.109572,0.108047,0.137202,0.111062,0.128449,1.167776,0.005109,0.005346
2006-04,0.111062,0.112041,0.136427,0.141044,0.129497,1.158331,0.014727,0.016489
2006-05,0.141044,0.120775,0.131686,0.183858,0.153040,0.980138,-0.039938,-0.039059
2006-06,0.183858,0.148185,0.136677,0.255196,0.186510,0.804248,0.001257,0.001794
2006-07,0.255196,0.201361,0.153372,0.189610,0.240201,0.624478,-0.001921,0.000302
2006-08,0.189610,0.212701,0.158422,0.099846,0.195065,0.768974,0.009963,0.008632
2006-09,0.099846,0.191395,0.158150,0.129029,0.122743,1.222063,0.012433,0.014283
2006-10,0.129029,0.142612,0.159207,0.074210,0.147016,1.020300,0.035798,0.036441
2006-11,0.074210,0.102538,0.143425,0.092832,0.097799,1.533752,0.011309,0.015104
2006-12,0.092832,0.100404,0.142567,0.071074,0.114301,1.312324,0.013514,0.016485
2007-01,0.071074,0.079996,0.141381,0.088188,0.093217,1.609152,0.027813,0.042075
2007-02,0.088188,0.084693,0.139810,0.152119,0.108528,1.382137,-0.023786,-0.034328
2007-03,0.152119,0.108630,0.142792,0.159485,0.162248,0.924512,0.021422,0.020129
2007-04,0.159485,0.137590,0.146883,0.080516,0.168439,0.890533,0.033405,0.030230
2007-05,0.080516,0.136039,0.143176,0.086509,0.103524,1.448932,0.026544,0.036620
2007-06,0.086509,0.115507,0.134879,0.135079,0.107411,1.396502,-0.032130,-0.046455
2007-07,0.135079,0.103700,0.118604,0.163445,0.145400,1.031636,-0.040418,-0.041824
2007-08,0.163445,0.131626,0.115677,0.234969,0.167071,0.897821,0.023023,0.021100
2007-09,0.234969,0.184558,0.132389,0.160368,0.221005,0.678718,0.034058,0.024144
2007-10,0.160368,0.191878,0.134980,0.148699,0.168003,0.892844,0.030876,0.027911
2007-11,0.148699,0.186755,0.140323,0.268919,0.159478,0.940570,-0.052215,-0.048910
2007-12,0.268919,0.199836,0.158177,0.174504,0.245529,0.610925,0.012943,0.008958
2008-01,0.174504,0.202957,0.164450,0.254305,0.182491,0.821958,-0.095879,-0.078434
2008-02,0.254305,0.237113,0.178069,0.207553,0.239170,0.627168,-0.016203,-0.009678
2008-03,0.207553,0.215341,0.182348,0.264216,0.207755,0.722003,0.016016,0.012036
2008-04,0.264216,0.243467,0.191961,0.176659,0.247212,0.606768,0.073871,0.045530
2008-05,0.176659,0.217921,0.196873,0.147273,0.187610,0.799533,0.041412,0.033471
2008-06,0.147273,0.200723,0.200167,0.188416,0.165267,0.907620,-0.034076,-0.030771
2008-07,0.188416,0.171736,0.203727,0.229991,0.193738,0.774242,-0.068807,-0.052935
2008-08,0.229991,0.192219,0.209100,0.191819,0.223294,0.671760,0.001061,0.001140
2008-09,0.191819,0.204706,0.205160,0.532747,0.197978,0.757659,-0.121955,-0.092037
2008-10,0.532747,0.351261,0.251763,0.774647,0.411013,0.364952,-0.135113,-0.048802
2008-11,0.774647,0.562066,0.340480,0.590589,0.573856,0.261390,-0.060708,-0.015647
2008-12,0.590589,0.647205,0.370409,0.401847,0.481646,0.311432,-0.000131,-0.000041
2009-01,0.401847,0.612136,0.384387,0.301960,0.364680,0.411319,-0.037942,-0.015606
2009-02,0.301960,0.443594,0.387539,0.302620,0.293373,0.511294,-0.074873,-0.038233
2009-03,0.302620,0.341553,0.392791,0.359770,0.293127,0.511724,0.054619,0.028047
2009-04,0.359770,0.324193,0.398499,0.134776,0.333536,0.449726,-0.010392,-0.004618
2009-05,0.134776,0.283100,0.397770,0.151711,0.164454,0.912112,0.037508,0.034211
2009-06,0.151711,0.241994,0.398586,0.142142,0.176705,0.848871,0.020374,0.017310
2009-07,0.142142,0.142888,0.396290,0.132193,0.163568,0.917049,0.041785,0.038328
2009-08,0.132193,0.141933,0.392369,0.099626,0.153721,0.975796,-0.000001,0.000002
2009-09,0.099626,0.126332,0.389505,0.087178,0.122426,1.225230,0.026195,0.032072
2009-10,0.087178,0.108432,0.358742,0.162609,0.108158,1.386854,-0.009421,-0.013066
2009-11,0.162609,0.121819,0.276657,0.145618,0.172513,0.869499,0.070920,0.061665
2009-12,0.145618,0.136009,0.227201,0.113159,0.160361,0.935391,0.054271,0.050771
2010-01,0.113159,0.141836,0.196572,0.144935,0.135041,1.110771,-0.041328,-0.045906
2010-02,0.144935,0.134586,0.181987,0.157098,0.159140,0.942567,0.048544,0.045756
2010-03,0.157098,0.138428,0.167497,0.103675,0.168526,0.890071,0.062892,0.055989
2010-04,0.103675,0.135214,0.132760,0.201296,0.126810,1.182874,0.022381,0.026456
2010-05,0.201296,0.157715,0.139600,0.391223,0.201307,0.745130,-0.082844,-0.061704
2010-06,0.391223,0.254928,0.172652,0.287828,0.332914,0.450567,-0.074728,-0.033615
2010-07,0.287828,0.301705,0.187822,0.237738,0.274151,0.547144,0.089991,0.049284
2010-08,0.237738,0.310417,0.196507,0.199508,0.241154,0.622009,-0.055098,-0.034233
2010-09,0.199508,0.244483,0.202755,0.206284,0.208914,0.717999,0.120339,0.086431
2010-10,0.206284,0.214920,0.209815,0.118045,0.211067,0.710675,0.046920,0.033374
2010-11,0.118045,0.179492,0.207475,0.152044,0.142373,1.053569,0.015542,0.016370
2010-12,0.152044,0.162895,0.207650,0.092725,0.167398,0.896070,0.044778,0.040134
2011-01,0.092725,0.122936,0.206764,0.115738,0.116693,1.285424,0.013463,0.017277
2011-02,0.115738,0.122314,0.205094,0.129730,0.135335,1.108363,0.041255,0.045714
2011-03,0.129730,0.112849,0.203652,0.167266,0.144915,1.035092,0.012783,0.013228
2011-04,0.167266,0.140917,0.207462,0.107729,0.175905,0.852732,0.022103,0.018848
2011-05,0.107729,0.138853,0.201880,0.132431,0.130559,1.148902,-0.016296,-0.018722
2011-06,0.132431,0.139413,0.173064,0.179745,0.150274,0.998178,-0.007648,-0.007634
2011-07,0.179745,0.144265,0.159864,0.158531,0.185092,0.810406,-0.009904,-0.008027
2011-08,0.158531,0.158451,0.151468,0.469125,0.172036,0.871912,-0.056495,-0.049246
2011-09,0.469125,0.310712,0.198489,0.279784,0.378626,0.396169,-0.074863,-0.029658
2011-10,0.279784,0.335604,0.205823,0.279766,0.270383,0.554769,0.102661,0.056953
2011-11,0.279766,0.358401,0.218411,0.286804,0.272347,0.550769,0.002041,0.001124
2011-12,0.286804,0.282138,0.229373,0.173045,0.269117,0.557379,0.004110,0.002291
2012-01,0.173045,0.251972,0.233593,0.089838,0.191066,0.785068,0.037744,0.029631
2012-02,0.089838,0.201512,0.232687,0.085972,0.119979,1.250222,0.057602,0.072015
2012-03,0.085972,0.124010,0.230758,0.105829,0.110717,1.354809,0.037757,0.051153
2012-04,0.105829,0.094667,0.227783,0.124539,0.125070,1.199325,0.012963,0.015547
2012-05,0.124539,0.106591,0.228462,0.108937,0.141119,1.062934,-0.034291,-0.036456
2012-06,0.108937,0.113032,0.227079,0.160650,0.128782,1.164758,0.029913,0.034842
2012-07,0.160650,0.132931,0.226052,0.112553,0.170507,0.879728,0.017004,0.014959
2012-08,0.112553,0.129246,0.223523,0.071521,0.133197,1.126153,0.008903,0.010013
2012-09,0.071521,0.119335,0.174414,0.092321,0.097778,1.534091,0.018929,0.028986
2012-10,0.092321,0.093063,0.157349,0.099562,0.113943,1.316447,-0.021749,-0.028663
2012-11,0.099562,0.087990,0.137984,0.133186,0.119748,1.252630,0.004897,0.006108
2012-12,0.133186,0.110336,0.116797,0.100442,0.150283,0.998117,-0.023171,-0.023127
2013-01,0.100442,0.112339,0.109489,0.102386,0.124109,1.208616,0.033950,0.041032
2013-02,0.102386,0.113196,0.110336,0.095670,0.125406,1.196117,0.018187,0.021754
2013-03,0.095670,0.099651,0.111027,0.076705,0.117869,1.272595,0.047058,0.059886
2013-04,0.076705,0.092351,0.109121,0.145723,0.100160,1.497600,0.021424,0.032084
2013-05,0.145723,0.111528,0.111535,0.122083,0.158142,0.948516,0.013472,0.012778
2013-06,0.122083,0.119422,0.112727,0.174953,0.140894,1.064631,-0.009787,-0.010420
2013-07,0.174953,0.148284,0.114194,0.078582,0.183620,0.816903,0.048986,0.040017
2013-08,0.078582,0.129658,0.111657,0.107921,0.105791,1.417893,-0.036301,-0.051471
2013-09,0.107921,0.125266,0.114342,0.089985,0.129904,1.154699,0.030743,0.035499
2013-10,0.089985,0.093042,0.114113,0.152710,0.111233,1.348522,0.035225,0.047502
2013-11,0.152710,0.121183,0.119251,0.116950,0.162439,0.923424,0.044996,0.041550
2013-12,0.116950,0.124203,0.117827,0.112618,0.136331,1.100267,0.013296,0.014629
2014-01,0.112618,0.129678,0.118677,0.141869,0.133356,1.124811,-0.031471,-0.035399
2014-02,0.141869,0.124599,0.122016,0.138574,0.154433,0.971298,0.040193,0.039039
2014-03,0.138574,0.131439,0.125083,0.123673,0.152795,0.981710,0.004159,0.004083
2014-04,0.123673,0.134817,0.128017,0.202641,0.142030,1.056112,-0.009842,-0.010394
2014-05,0.202641,0.159321,0.134244,0.119106,0.199738,0.750984,0.039479,0.029648
2014-06,0.119106,0.153345,0.134066,0.067504,0.140895,1.064623,0.013647,0.014529
2014-07,0.067504,0.141193,0.125908,0.135724,0.095768,1.566286,-0.004711,-0.007379
2014-08,0.135724,0.111724,0.130085,0.090542,0.147092,1.019771,0.040471,0.041271
2014-09,0.090542,0.102554,0.129052,0.111621,0.112498,1.333353,-0.002793,-0.003724
2014-10,0.111621,0.114501,0.130323,0.223438,0.130035,1.153531,0.009295,0.010723
2014-11,0.223438,0.156011,0.139327,0.081297,0.209374,0.716420,0.023563,0.016881
2014-12,0.081297,0.156118,0.137477,0.165036,0.113147,1.325707,-0.014358,-0.019035
2015-01,0.165036,0.171074,0.141936,0.199594,0.175466,0.854865,-0.020078,-0.017164
2015-02,0.199594,0.157934,0.147365,0.117125,0.193125,0.776701,0.067210,0.052202
2015-03,0.117125,0.164795,0.145950,0.139612,0.143310,1.046685,-0.023206,-0.024289
2015-04,0.139612,0.156090,0.147119,0.098471,0.156690,0.957303,-0.031025,-0.029700
2015-05,0.098471,0.120019,0.137949,0.132724,0.122246,1.227035,0.029761,0.036518
2015-06,0.132724,0.125024,0.139006,0.108329,0.145977,1.027559,-0.032519,-0.033415
2015-07,0.108329,0.113677,0.141034,0.110688,0.127641,1.175168,0.040672,0.047797
2015-08,0.110688,0.117262,0.139112,0.235331,0.129829,1.155366,-0.047756,-0.055176
2015-09,0.235331,0.161279,0.152591,0.203884,0.211506,0.709199,0.004912,0.003483
2015-10,0.203884,0.189798,0.160343,0.139168,0.200952,0.746448,0.079283,0.059181
2015-11,0.139168,0.196136,0.151443,0.135208,0.162833,0.921187,0.004108,0.003784
2015-12,0.135208,0.162552,0.154261,0.179207,0.154593,0.970290,0.002350,0.002283
2016-01,0.179207,0.153004,0.155636,0.219000,0.179344,0.836383,-0.051592,-0.043134
2016-02,0.219000,0.180319,0.157401,0.200313,0.207185,0.723992,-0.005884,-0.004205
2016-03,0.200313,0.199191,0.163790,0.105777,0.200478,0.748213,0.044492,0.033340
2016-04,0.105777,0.179248,0.161562,0.104148,0.136852,1.096072,-0.013632,-0.014951
2016-05,0.104148,0.142341,0.161858,0.121942,0.129932,1.154448,0.027946,0.032246
2016-06,0.121942,0.110835,0.161047,0.146344,0.136367,1.099969,0.006529,0.007161
2016-07,0.146344,0.125699,0.163640,0.075917,0.154684,0.969720,0.035188,0.034129
2016-08,0.075917,0.119437,0.162409,0.046902,0.105344,1.423910,-0.000120,-0.000255
2016-09,0.046902,0.098997,0.147552,0.141993,0.076073,1.971783,0.002188,0.004120
2016-10,0.141993,0.095955,0.141402,0.071987,0.143864,1.042654,-0.025055,-0.026133
2016-11,0.071987,0.094691,0.137168,0.135166,0.098316,1.525693,-0.005478,-0.008411
2016-12,0.135166,0.120573,0.137157,0.093630,0.145361,1.031910,0.034427,0.035516
2017-01,0.093630,0.103632,0.129667,0.037552,0.115562,1.298008,0.018953,0.024481
2017-02,0.037552,0.098043,0.115137,0.052203,0.069576,2.155915,0.036331,0.077864
2017-03,0.052203,0.066343,0.101637,0.056032,0.075496,1.986870,0.010921,0.021403
2017-04,0.056032,0.049545,0.097989,0.115948,0.073320,2.045815,0.008315,0.016487
2017-05,0.115948,0.078867,0.098937,0.122936,0.122091,1.228595,0.020109,0.024568
2017-06,0.122936,0.101561,0.099146,0.092915,0.132541,1.131722,0.018621,0.020994
2017-07,0.092915,0.111117,0.093348,0.064423,0.114931,1.305133,0.030490,0.039580
2017-08,0.064423,0.097262,0.092660,0.113398,0.090583,1.655948,0.004980,0.007657
2017-09,0.113398,0.093537,0.097769,0.103793,0.123697,1.212639,0.042703,0.051592
2017-10,0.103793,0.097119,0.093640,0.084529,0.118340,1.267537,0.058887,0.074400
2017-11,0.084529,0.101406,0.094475,0.089618,0.106227,1.412074,0.021905,0.030602
2017-12,0.089618,0.092694,0.089846,0.075989,0.107407,1.396553,0.005782,0.007718
2018-01,0.075989,0.083698,0.088494,0.110722,0.095680,1.567731,0.081436,0.127045
2018-02,0.110722,0.093463,0.093326,0.300865,0.120747,1.242271,-0.007363,-0.009413
2018-03,0.300865,0.186762,0.123811,0.253483,0.244604,0.613235,-0.039154,-0.023546
2018-04,0.253483,0.233528,0.143389,0.210057,0.232516,0.645117,0.011279,0.007773
2018-05,0.210057,0.255940,0.151857,0.113810,0.212828,0.704795,0.034257,0.024558
2018-06,0.113810,0.200035,0.151234,0.118695,0.143207,1.047432,0.003280,0.003369
2018-07,0.118695,0.153471,0.152922,0.126437,0.140214,1.069797,0.044137,0.047106
2018-08,0.126437,0.119670,0.155869,0.089526,0.139728,1.073513,0.043016,0.046060
2018-09,0.089526,0.112038,0.154444,0.081447,0.113344,1.323408,0.012348,0.015856
2018-10,0.081447,0.101269,0.153596,0.306778,0.105365,1.423626,-0.097586,-0.139731
2018-11,0.306778,0.195132,0.177381,0.264616,0.250378,0.599094,0.023203,0.014623
2018-12,0.264616,0.244335,0.191389,0.368400,0.239801,0.625519,-0.084726,-0.052286
2019-01,0.368400,0.314054,0.215845,0.232400,0.303450,0.494315,0.089113,0.045112
2019-02,0.232400,0.291500,0.223790,0.098773,0.230818,0.649862,0.039742,0.026457
2019-03,0.098773,0.257044,0.209687,0.136857,0.137718,1.089182,0.019661,0.021245
2019-04,0.136857,0.167572,0.200399,0.094359,0.155962,0.961775,-0.000673,-0.000567
2019-05,0.094359,0.112036,0.192907,0.112660,0.118671,1.263995,-0.016782,-0.021766
2019-06,0.112660,0.115889,0.192848,0.116704,0.131934,1.136929,0.043480,0.049187
2019-07,0.116704,0.108277,0.192990,0.088167,0.133209,1.126050,0.011909,0.013171
2019-08,0.088167,0.106261,0.190894,0.190608,0.112735,1.330553,0.005687,0.007038
2019-09,0.190608,0.139346,0.197601,0.079320,0.182877,0.820224,-0.005544,-0.004224
2019-10,0.079320,0.130871,0.197205,0.121858,0.110740,1.354528,-0.002854,-0.004398
2019-11,0.121858,0.139596,0.177839,0.081714,0.141443,1.060501,0.018031,0.019049
2019-12,0.081714,0.097664,0.162498,0.065369,0.106449,1.409120,0.020582,0.028430
2020-01,0.065369,0.093943,0.127747,0.108111,0.092566,1.620459,0.028041,0.044633
2020-02,0.108111,0.086949,0.113104,0.233212,0.120240,1.247504,-0.077795,-0.097346
2020-03,0.233212,0.149784,0.127112,0.900482,0.203757,0.736169,-0.086715,-0.063520
2020-04,0.900482,0.555296,0.291632,0.453515,0.558443,0.268604,0.110329,0.029635
2020-05,0.453515,0.611604,0.318406,0.201491,0.375510,0.399457,0.058700,0.023508
2020-06,0.201491,0.603827,0.322974,0.264557,0.227146,0.660369,0.021877,0.014481
2020-07,0.264557,0.325405,0.329389,0.140957,0.250418,0.598999,0.073495,0.044063
2020-08,0.140957,0.208749,0.330982,0.106591,0.162894,0.920847,0.072747,0.066997
2020-09,0.106591,0.184620,0.328266,0.261384,0.135214,1.109351,-0.033139,-0.036773
2020-10,0.261384,0.181593,0.335420,0.249675,0.230552,0.650614,-0.038816,-0.025219
2020-11,0.249675,0.218116,0.342111,0.268563,0.230599,0.650480,0.072899,0.047454
2020-12,0.268563,0.259692,0.349620,0.101759,0.246629,0.608201,0.035624,0.021706
2021-01,0.101759,0.218008,0.349710,0.208370,0.136373,1.099928,-0.002349,-0.002583
2021-02,0.208370,0.202252,0.354373,0.177164,0.205398,0.730291,-0.013373,-0.009766
2021-03,0.177164,0.165786,0.351908,0.266281,0.182150,0.823498,0.018351,0.015112
2021-04,0.266281,0.223685,0.242959,0.173370,0.238520,0.628877,0.055346,0.034806
2021-05,0.173370,0.213005,0.210699,0.200573,0.185131,0.810236,-0.009526,-0.007719
2021-06,0.200573,0.218897,0.210630,0.127141,0.201760,0.743458,0.073102,0.054348
2021-07,0.127141,0.168627,0.199163,0.114806,0.150549,0.996355,0.020969,0.020892
2021-08,0.114806,0.151028,0.197952,0.113050,0.139956,1.071763,0.046094,0.049402
2021-09,0.113050,0.118554,0.197986,0.150929,0.134427,1.115846,-0.053892,-0.060135
2021-10,0.150929,0.127250,0.188158,0.128934,0.159709,0.939208,0.073640,0.069164
2021-11,0.128934,0.131615,0.177402,0.150613,0.146351,1.024933,-0.027537,-0.028224
2021-12,0.150613,0.143861,0.165869,0.191261,0.161344,0.929691,0.025485,0.023700
2022-01,0.191261,0.159601,0.172633,0.205762,0.187406,0.800403,-0.066334,-0.053094
2022-02,0.205762,0.183783,0.172541,0.261517,0.198885,0.754205,-0.020949,-0.015800
2022-03,0.261517,0.219947,0.180415,0.292335,0.233641,0.642011,0.014906,0.009570
2022-04,0.292335,0.257525,0.184045,0.224698,0.254480,0.589438,-0.077050,-0.045416
2022-05,0.224698,0.262580,0.188439,0.284194,0.219363,0.683797,0.015108,0.010426
2022-06,0.284194,0.270169,0.197212,0.270424,0.252654,0.593698,-0.079932,-0.047212
2022-07,0.270424,0.261558,0.209117,0.200124,0.245070,0.612070,0.075363,0.046438
2022-08,0.200124,0.255039,0.214459,0.168869,0.205570,0.729679,-0.028074,-0.019971
2022-09,0.168869,0.216238,0.217479,0.221913,0.182611,0.821419,-0.081690,-0.066762
2022-10,0.221913,0.197287,0.222492,0.247749,0.211270,0.709990,0.148486,0.106091
2022-11,0.247749,0.214082,0.230721,0.174391,0.227733,0.658666,0.025635,0.017874
2022-12,0.174391,0.216823,0.232112,0.157139,0.186480,0.804376,-0.033683,-0.026448
2023-01,0.157139,0.197049,0.230110,0.152135,0.173467,0.864717,-0.004812,-0.003687
2023-02,0.152135,0.161650,0.226762,0.147403,0.165987,0.903683,-0.048360,-0.043374
2023-03,0.147403,0.152440,0.218835,0.162316,0.161646,0.927954,0.014412,0.013633
2023-04,0.162316,0.154591,0.206087,0.138802,0.170938,0.877511,0.030389,0.027095
2023-05,0.138802,0.150673,0.200167,0.116794,0.155625,0.963854,-0.052123,-0.050109
2023-06,0.116794,0.140985,0.185326,0.116201,0.139527,1.075064,0.062260,0.066633
2023-07,0.116201,0.123765,0.171339,0.085626,0.136567,1.098363,0.012041,0.012783
2023-08,0.085626,0.107666,0.163554,0.096541,0.112361,1.334983,0.025205,0.032141
2023-09,0.096541,0.100355,0.158085,0.111569,0.119082,1.259634,-0.005073,-0.007506
2023-10,0.111569,0.098396,0.148156,0.164162,0.128885,1.163832,-0.016706,-0.020213
2023-11,0.164162,0.127472,0.138164,0.142515,0.166438,0.901235,0.096000,0.086953
2023-12,0.142515,0.141890,0.135071,0.122032,0.155376,0.965402,0.058963,0.057072
2024-01,0.122032,0.144598,0.132039,0.129033,0.142295,1.054145,0.061369,0.064437
2024-02,0.129033,0.131615,0.130053,0.210652,0.145095,1.033807,0.111212,0.114830
2024-03,0.210652,0.158629,0.136858,0.178976,0.197348,0.760079,0.054918,0.042773
2024-04,0.178976,0.175451,0.138185,0.198358,0.182001,0.824173,-0.043767,-0.035246
2024-05,0.198358,0.196491,0.144396,0.138151,0.196111,0.764875,0.068694,0.053577
2024-06,0.138151,0.173482,0.146032,0.139001,0.156654,0.957525,0.076632,0.073552
2024-07,0.139001,0.161962,0.147751,0.243362,0.155812,0.962699,-0.021084,-0.020130
2024-08,0.243362,0.182136,0.162005,0.248571,0.218533,0.686396,0.033533,0.024522
2024-09,0.248571,0.219284,0.175817,0.206033,0.227021,0.660730,0.023145,0.016649
2024-10,0.206033,0.234230,0.182489,0.119108,0.205589,0.729610,0.004005,0.003977
2024-11,0.119108,0.197469,0.179199,0.168007,0.146562,1.023457,0.067121,0.068601
2024-12,0.168007,0.166181,0.181080,0.172610,0.174952,0.857380,-0.023010,-0.019200
2025-01,0.172610,0.153933,0.184285,0.178314,0.176008,0.852236,0.047153,0.040732
2025-02,0.178314,0.173022,0.187715,0.155293,0.182015,0.824106,0.005769,0.005335
2025-03,0.155293,0.169303,0.183468,0.219429,0.167616,0.894903,-0.065584,-0.058334
2025-04,0.219429,0.187317,0.187089,0.559344,0.207013,0.724592,0.023299,0.017846
2025-05,0.559344,0.363036,0.240750,0.198343,0.389155,0.385450,0.102353,0.041787
2025-06,0.198343,0.365310,0.244592,0.131358,0.213359,0.703041,0.059734,0.043005
2025-07,0.131358,0.353357,0.243922,0.093416,0.165987,0.903685,0.030324,0.027731
2025-08,0.093416,0.147100,0.234636,0.149832,0.123265,1.216888,0.009455,0.010682
2025-09,0.149832,0.126524,0.227396,0.096263,0.161298,0.929958,0.046481,0.043457
2025-10,0.096263,0.115787,0.221099,0.146409,0.122702,1.222479,-0.007594,-0.010107
2025-11,0.146409,0.133535,0.222602,0.176398,0.159332,0.941430,-0.010617,-0.009820
2025-12,0.176398,0.142474,0.223289,0.123118,0.179002,0.837981,-0.006192,-0.004638
